case_id,device,project,level,path,direction,order,mode,map_mode,bytes,contexts,commands,repeat,pair_role,issue_cycles,total_cycles,issue_span,completion_span,errors,status,descriptor_bank_word_offset,descriptor_bank_spacing_bytes,descriptor_bank_fingerprint64,repeat_descriptor_bank_unique,prior_tma_use,descriptor_l2_warm_method,tma_prefetch_before_issue,descriptor_state,descriptor_va
intra_cta_tensor_mixed_alternating_serial_same_map_128_1,Ventus,mixed_direction,intra_cta,tensor,mixed,alternating,serial,same_map,128,1,2,0,cold,334,342,334,342,0,0,0,0,14037425093021684951,0,0,patch_descriptor_write,0,tmau_cold_bank_first_use,0x90001000
intra_cta_tensor_mixed_alternating_serial_same_map_128_1,Ventus,mixed_direction,intra_cta,tensor,mixed,alternating,serial,same_map,128,1,2,1,hot,279,287,279,287,0,0,0,0,14037425093021684951,0,1,patch_descriptor_write,0,tmau_hot_bank_reuse,0x90001000
intra_cta_tensor_mixed_alternating_batched_same_map_128_1,Ventus,mixed_direction,intra_cta,tensor,mixed,alternating,batched,same_map,128,1,2,0,cold,186,275,186,275,0,0,0,0,14037425093021684951,0,0,patch_descriptor_write,0,tmau_cold_bank_first_use,0x90001000
intra_cta_tensor_mixed_alternating_batched_same_map_128_1,Ventus,mixed_direction,intra_cta,tensor,mixed,alternating,batched,same_map,128,1,2,1,hot,183,245,183,245,0,0,0,0,14037425093021684951,0,1,patch_descriptor_write,0,tmau_hot_bank_reuse,0x90001000
intra_cta_tensor_mixed_g2s_then_s2g_serial_same_map_128_1,Ventus,mixed_direction,intra_cta,tensor,mixed,g2s_then_s2g,serial,same_map,128,1,2,0,cold,413,421,413,421,0,0,0,0,14037425093021684951,0,0,patch_descriptor_write,0,tmau_cold_bank_first_use,0x90001000
intra_cta_tensor_mixed_g2s_then_s2g_serial_same_map_128_1,Ventus,mixed_direction,intra_cta,tensor,mixed,g2s_then_s2g,serial,same_map,128,1,2,1,hot,368,376,368,376,0,0,0,0,14037425093021684951,0,1,patch_descriptor_write,0,tmau_hot_bank_reuse,0x90001000
intra_cta_tensor_mixed_g2s_then_s2g_batched_same_map_128_1,Ventus,mixed_direction,intra_cta,tensor,mixed,g2s_then_s2g,batched,same_map,128,1,2,0,cold,265,367,265,367,0,0,0,0,14037425093021684951,0,0,patch_descriptor_write,0,tmau_cold_bank_first_use,0x90001000
intra_cta_tensor_mixed_g2s_then_s2g_batched_same_map_128_1,Ventus,mixed_direction,intra_cta,tensor,mixed,g2s_then_s2g,batched,same_map,128,1,2,1,hot,262,337,262,337,0,0,0,0,14037425093021684951,0,1,patch_descriptor_write,0,tmau_hot_bank_reuse,0x90001000
intra_cta_tensor_mixed_s2g_then_g2s_serial_same_map_128_1,Ventus,mixed_direction,intra_cta,tensor,mixed,s2g_then_g2s,serial,same_map,128,1,2,0,cold,413,421,413,421,0,0,0,0,14037425093021684951,0,0,patch_descriptor_write,0,tmau_cold_bank_first_use,0x90001000
intra_cta_tensor_mixed_s2g_then_g2s_serial_same_map_128_1,Ventus,mixed_direction,intra_cta,tensor,mixed,s2g_then_g2s,serial,same_map,128,1,2,1,hot,359,367,359,367,0,0,0,0,14037425093021684951,0,1,patch_descriptor_write,0,tmau_hot_bank_reuse,0x90001000
intra_cta_tensor_mixed_s2g_then_g2s_batched_same_map_128_1,Ventus,mixed_direction,intra_cta,tensor,mixed,s2g_then_g2s,batched,same_map,128,1,2,0,cold,262,343,262,343,0,0,0,0,14037425093021684951,0,0,patch_descriptor_write,0,tmau_cold_bank_first_use,0x90001000
intra_cta_tensor_mixed_s2g_then_g2s_batched_same_map_128_1,Ventus,mixed_direction,intra_cta,tensor,mixed,s2g_then_g2s,batched,same_map,128,1,2,1,hot,262,316,262,316,0,0,0,0,14037425093021684951,0,1,patch_descriptor_write,0,tmau_hot_bank_reuse,0x90001000
intra_cta_tensor_mixed_alternating_serial_distinct_map_128_1,Ventus,mixed_direction,intra_cta,tensor,mixed,alternating,serial,distinct_map,128,1,2,0,cold,333,341,333,341,0,0,0,0,14037425093021684951,0,0,patch_descriptor_write,0,tmau_cold_bank_first_use,0x90001000
intra_cta_tensor_mixed_alternating_serial_distinct_map_128_1,Ventus,mixed_direction,intra_cta,tensor,mixed,alternating,serial,distinct_map,128,1,2,1,hot,279,287,279,287,0,0,0,0,14037425093021684951,0,1,patch_descriptor_write,0,tmau_hot_bank_reuse,0x90001000
intra_cta_tensor_mixed_alternating_batched_distinct_map_128_1,Ventus,mixed_direction,intra_cta,tensor,mixed,alternating,batched,distinct_map,128,1,2,0,cold,186,275,186,275,0,0,0,0,14037425093021684951,0,0,patch_descriptor_write,0,tmau_cold_bank_first_use,0x90001000
intra_cta_tensor_mixed_alternating_batched_distinct_map_128_1,Ventus,mixed_direction,intra_cta,tensor,mixed,alternating,batched,distinct_map,128,1,2,1,hot,183,245,183,245,0,0,0,0,14037425093021684951,0,1,patch_descriptor_write,0,tmau_hot_bank_reuse,0x90001000
intra_cta_tensor_mixed_g2s_then_s2g_serial_distinct_map_128_1,Ventus,mixed_direction,intra_cta,tensor,mixed,g2s_then_s2g,serial,distinct_map,128,1,2,0,cold,413,421,413,421,0,0,0,0,14037425093021684951,0,0,patch_descriptor_write,0,tmau_cold_bank_first_use,0x90001000
intra_cta_tensor_mixed_g2s_then_s2g_serial_distinct_map_128_1,Ventus,mixed_direction,intra_cta,tensor,mixed,g2s_then_s2g,serial,distinct_map,128,1,2,1,hot,359,367,359,367,0,0,0,0,14037425093021684951,0,1,patch_descriptor_write,0,tmau_hot_bank_reuse,0x90001000
intra_cta_tensor_mixed_g2s_then_s2g_batched_distinct_map_128_1,Ventus,mixed_direction,intra_cta,tensor,mixed,g2s_then_s2g,batched,distinct_map,128,1,2,0,cold,265,367,265,367,0,0,0,0,14037425093021684951,0,0,patch_descriptor_write,0,tmau_cold_bank_first_use,0x90001000
intra_cta_tensor_mixed_g2s_then_s2g_batched_distinct_map_128_1,Ventus,mixed_direction,intra_cta,tensor,mixed,g2s_then_s2g,batched,distinct_map,128,1,2,1,hot,261,336,261,336,0,0,0,0,14037425093021684951,0,1,patch_descriptor_write,0,tmau_hot_bank_reuse,0x90001000
intra_cta_tensor_mixed_s2g_then_g2s_serial_distinct_map_128_1,Ventus,mixed_direction,intra_cta,tensor,mixed,s2g_then_g2s,serial,distinct_map,128,1,2,0,cold,413,421,413,421,0,0,0,0,14037425093021684951,0,0,patch_descriptor_write,0,tmau_cold_bank_first_use,0x90001000
intra_cta_tensor_mixed_s2g_then_g2s_serial_distinct_map_128_1,Ventus,mixed_direction,intra_cta,tensor,mixed,s2g_then_g2s,serial,distinct_map,128,1,2,1,hot,359,367,359,367,0,0,0,0,14037425093021684951,0,1,patch_descriptor_write,0,tmau_hot_bank_reuse,0x90001000
intra_cta_tensor_mixed_s2g_then_g2s_batched_distinct_map_128_1,Ventus,mixed_direction,intra_cta,tensor,mixed,s2g_then_g2s,batched,distinct_map,128,1,2,0,cold,262,343,262,343,0,0,0,0,14037425093021684951,0,0,patch_descriptor_write,0,tmau_cold_bank_first_use,0x90001000
intra_cta_tensor_mixed_s2g_then_g2s_batched_distinct_map_128_1,Ventus,mixed_direction,intra_cta,tensor,mixed,s2g_then_g2s,batched,distinct_map,128,1,2,1,hot,262,317,262,317,0,0,0,0,14037425093021684951,0,1,patch_descriptor_write,0,tmau_hot_bank_reuse,0x90001000
intra_cta_tensor_mixed_alternating_serial_same_map_4096_1,Ventus,mixed_direction,intra_cta,tensor,mixed,alternating,serial,same_map,4096,1,2,0,cold,488,496,488,496,0,0,0,0,11589973981090184183,0,0,patch_descriptor_write,0,tmau_cold_bank_first_use,0x90003000
intra_cta_tensor_mixed_alternating_serial_same_map_4096_1,Ventus,mixed_direction,intra_cta,tensor,mixed,alternating,serial,same_map,4096,1,2,1,hot,454,462,454,462,0,0,0,0,11589973981090184183,0,1,patch_descriptor_write,0,tmau_hot_bank_reuse,0x90003000
intra_cta_tensor_mixed_alternating_batched_same_map_4096_1,Ventus,mixed_direction,intra_cta,tensor,mixed,alternating,batched,same_map,4096,1,2,0,cold,184,421,184,421,0,0,0,0,11589973981090184183,0,0,patch_descriptor_write,0,tmau_cold_bank_first_use,0x90003000
intra_cta_tensor_mixed_alternating_batched_same_map_4096_1,Ventus,mixed_direction,intra_cta,tensor,mixed,alternating,batched,same_map,4096,1,2,1,hot,181,412,181,412,0,0,0,0,11589973981090184183,0,1,patch_descriptor_write,0,tmau_hot_bank_reuse,0x90003000
intra_cta_tensor_mixed_g2s_then_s2g_serial_same_map_4096_1,Ventus,mixed_direction,intra_cta,tensor,mixed,g2s_then_s2g,serial,same_map,4096,1,2,0,cold,568,576,568,576,0,0,0,0,11589973981090184183,0,0,patch_descriptor_write,0,tmau_cold_bank_first_use,0x90003000
intra_cta_tensor_mixed_g2s_then_s2g_serial_same_map_4096_1,Ventus,mixed_direction,intra_cta,tensor,mixed,g2s_then_s2g,serial,same_map,4096,1,2,1,hot,534,542,534,542,0,0,0,0,11589973981090184183,0,1,patch_descriptor_write,0,tmau_hot_bank_reuse,0x90003000
intra_cta_tensor_mixed_g2s_then_s2g_batched_same_map_4096_1,Ventus,mixed_direction,intra_cta,tensor,mixed,g2s_then_s2g,batched,same_map,4096,1,2,0,cold,263,460,263,460,0,0,0,0,11589973981090184183,0,0,patch_descriptor_write,0,tmau_cold_bank_first_use,0x90003000
intra_cta_tensor_mixed_g2s_then_s2g_batched_same_map_4096_1,Ventus,mixed_direction,intra_cta,tensor,mixed,g2s_then_s2g,batched,same_map,4096,1,2,1,hot,259,449,259,449,0,0,0,0,11589973981090184183,0,1,patch_descriptor_write,0,tmau_hot_bank_reuse,0x90003000
intra_cta_tensor_mixed_s2g_then_g2s_serial_same_map_4096_1,Ventus,mixed_direction,intra_cta,tensor,mixed,s2g_then_g2s,serial,same_map,4096,1,2,0,cold,568,576,568,576,0,0,0,0,11589973981090184183,0,0,patch_descriptor_write,0,tmau_cold_bank_first_use,0x90003000
intra_cta_tensor_mixed_s2g_then_g2s_serial_same_map_4096_1,Ventus,mixed_direction,intra_cta,tensor,mixed,s2g_then_g2s,serial,same_map,4096,1,2,1,hot,534,542,534,542,0,0,0,0,11589973981090184183,0,1,patch_descriptor_write,0,tmau_hot_bank_reuse,0x90003000
intra_cta_tensor_mixed_s2g_then_g2s_batched_same_map_4096_1,Ventus,mixed_direction,intra_cta,tensor,mixed,s2g_then_g2s,batched,same_map,4096,1,2,0,cold,260,426,260,426,0,0,0,0,11589973981090184183,0,0,patch_descriptor_write,0,tmau_cold_bank_first_use,0x90003000
intra_cta_tensor_mixed_s2g_then_g2s_batched_same_map_4096_1,Ventus,mixed_direction,intra_cta,tensor,mixed,s2g_then_g2s,batched,same_map,4096,1,2,1,hot,268,403,268,403,0,0,0,0,11589973981090184183,0,1,patch_descriptor_write,0,tmau_hot_bank_reuse,0x90003000
intra_cta_tensor_mixed_alternating_serial_distinct_map_4096_1,Ventus,mixed_direction,intra_cta,tensor,mixed,alternating,serial,distinct_map,4096,1,2,0,cold,488,496,488,496,0,0,0,0,11589973981090184183,0,0,patch_descriptor_write,0,tmau_cold_bank_first_use,0x90003000
intra_cta_tensor_mixed_alternating_serial_distinct_map_4096_1,Ventus,mixed_direction,intra_cta,tensor,mixed,alternating,serial,distinct_map,4096,1,2,1,hot,454,462,454,462,0,0,0,0,11589973981090184183,0,1,patch_descriptor_write,0,tmau_hot_bank_reuse,0x90003000
intra_cta_tensor_mixed_alternating_batched_distinct_map_4096_1,Ventus,mixed_direction,intra_cta,tensor,mixed,alternating,batched,distinct_map,4096,1,2,0,cold,184,421,184,421,0,0,0,0,11589973981090184183,0,0,patch_descriptor_write,0,tmau_cold_bank_first_use,0x90003000
intra_cta_tensor_mixed_alternating_batched_distinct_map_4096_1,Ventus,mixed_direction,intra_cta,tensor,mixed,alternating,batched,distinct_map,4096,1,2,1,hot,181,414,181,414,0,0,0,0,11589973981090184183,0,1,patch_descriptor_write,0,tmau_hot_bank_reuse,0x90003000
intra_cta_tensor_mixed_g2s_then_s2g_serial_distinct_map_4096_1,Ventus,mixed_direction,intra_cta,tensor,mixed,g2s_then_s2g,serial,distinct_map,4096,1,2,0,cold,568,576,568,576,0,0,0,0,11589973981090184183,0,0,patch_descriptor_write,0,tmau_cold_bank_first_use,0x90003000
intra_cta_tensor_mixed_g2s_then_s2g_serial_distinct_map_4096_1,Ventus,mixed_direction,intra_cta,tensor,mixed,g2s_then_s2g,serial,distinct_map,4096,1,2,1,hot,534,542,534,542,0,0,0,0,11589973981090184183,0,1,patch_descriptor_write,0,tmau_hot_bank_reuse,0x90003000
intra_cta_tensor_mixed_g2s_then_s2g_batched_distinct_map_4096_1,Ventus,mixed_direction,intra_cta,tensor,mixed,g2s_then_s2g,batched,distinct_map,4096,1,2,0,cold,263,460,263,460,0,0,0,0,11589973981090184183,0,0,patch_descriptor_write,0,tmau_cold_bank_first_use,0x90003000
intra_cta_tensor_mixed_g2s_then_s2g_batched_distinct_map_4096_1,Ventus,mixed_direction,intra_cta,tensor,mixed,g2s_then_s2g,batched,distinct_map,4096,1,2,1,hot,259,449,259,449,0,0,0,0,11589973981090184183,0,1,patch_descriptor_write,0,tmau_hot_bank_reuse,0x90003000
intra_cta_tensor_mixed_s2g_then_g2s_serial_distinct_map_4096_1,Ventus,mixed_direction,intra_cta,tensor,mixed,s2g_then_g2s,serial,distinct_map,4096,1,2,0,cold,568,576,568,576,0,0,0,0,11589973981090184183,0,0,patch_descriptor_write,0,tmau_cold_bank_first_use,0x90003000
intra_cta_tensor_mixed_s2g_then_g2s_serial_distinct_map_4096_1,Ventus,mixed_direction,intra_cta,tensor,mixed,s2g_then_g2s,serial,distinct_map,4096,1,2,1,hot,534,542,534,542,0,0,0,0,11589973981090184183,0,1,patch_descriptor_write,0,tmau_hot_bank_reuse,0x90003000
intra_cta_tensor_mixed_s2g_then_g2s_batched_distinct_map_4096_1,Ventus,mixed_direction,intra_cta,tensor,mixed,s2g_then_g2s,batched,distinct_map,4096,1,2,0,cold,299,442,299,442,0,0,0,0,11589973981090184183,0,0,patch_descriptor_write,0,tmau_cold_bank_first_use,0x90003000
intra_cta_tensor_mixed_s2g_then_g2s_batched_distinct_map_4096_1,Ventus,mixed_direction,intra_cta,tensor,mixed,s2g_then_g2s,batched,distinct_map,4096,1,2,1,hot,280,396,280,396,0,0,0,0,11589973981090184183,0,1,patch_descriptor_write,0,tmau_hot_bank_reuse,0x90003000
intra_cta_bulk_mixed_alternating_serial_same_map_128_1,Ventus,mixed_direction,intra_cta,bulk,mixed,alternating,serial,na,128,1,2,0,cold,189,197,189,197,0,0,0,0,14037425093021684951,0,0,not_applicable,0,not_applicable,0x90001000
intra_cta_bulk_mixed_alternating_serial_same_map_128_1,Ventus,mixed_direction,intra_cta,bulk,mixed,alternating,serial,na,128,1,2,1,hot,206,214,206,214,0,0,0,0,14037425093021684951,0,1,not_applicable,0,not_applicable,0x90001000
intra_cta_bulk_mixed_alternating_batched_same_map_128_1,Ventus,mixed_direction,intra_cta,bulk,mixed,alternating,batched,na,128,1,2,0,cold,123,169,123,169,0,0,0,0,14037425093021684951,0,0,not_applicable,0,not_applicable,0x90001000
intra_cta_bulk_mixed_alternating_batched_same_map_128_1,Ventus,mixed_direction,intra_cta,bulk,mixed,alternating,batched,na,128,1,2,1,hot,132,186,132,186,0,0,0,0,14037425093021684951,0,1,not_applicable,0,not_applicable,0x90001000
intra_cta_bulk_mixed_g2s_then_s2g_serial_same_map_128_1,Ventus,mixed_direction,intra_cta,bulk,mixed,g2s_then_s2g,serial,na,128,1,2,0,cold,189,197,189,197,0,0,0,0,14037425093021684951,0,0,not_applicable,0,not_applicable,0x90001000
intra_cta_bulk_mixed_g2s_then_s2g_serial_same_map_128_1,Ventus,mixed_direction,intra_cta,bulk,mixed,g2s_then_s2g,serial,na,128,1,2,1,hot,206,214,206,214,0,0,0,0,14037425093021684951,0,1,not_applicable,0,not_applicable,0x90001000
intra_cta_bulk_mixed_g2s_then_s2g_batched_same_map_128_1,Ventus,mixed_direction,intra_cta,bulk,mixed,g2s_then_s2g,batched,na,128,1,2,0,cold,123,169,123,169,0,0,0,0,14037425093021684951,0,0,not_applicable,0,not_applicable,0x90001000
intra_cta_bulk_mixed_g2s_then_s2g_batched_same_map_128_1,Ventus,mixed_direction,intra_cta,bulk,mixed,g2s_then_s2g,batched,na,128,1,2,1,hot,131,182,131,182,0,0,0,0,14037425093021684951,0,1,not_applicable,0,not_applicable,0x90001000
intra_cta_bulk_mixed_s2g_then_g2s_serial_same_map_128_1,Ventus,mixed_direction,intra_cta,bulk,mixed,s2g_then_g2s,serial,na,128,1,2,0,cold,189,197,189,197,0,0,0,0,14037425093021684951,0,0,not_applicable,0,not_applicable,0x90001000
intra_cta_bulk_mixed_s2g_then_g2s_serial_same_map_128_1,Ventus,mixed_direction,intra_cta,bulk,mixed,s2g_then_g2s,serial,na,128,1,2,1,hot,207,215,207,215,0,0,0,0,14037425093021684951,0,1,not_applicable,0,not_applicable,0x90001000
intra_cta_bulk_mixed_s2g_then_g2s_batched_same_map_128_1,Ventus,mixed_direction,intra_cta,bulk,mixed,s2g_then_g2s,batched,na,128,1,2,0,cold,122,160,122,160,0,0,0,0,14037425093021684951,0,0,not_applicable,0,not_applicable,0x90001000
intra_cta_bulk_mixed_s2g_then_g2s_batched_same_map_128_1,Ventus,mixed_direction,intra_cta,bulk,mixed,s2g_then_g2s,batched,na,128,1,2,1,hot,131,178,131,178,0,0,0,0,14037425093021684951,0,1,not_applicable,0,not_applicable,0x90001000
intra_cta_bulk_mixed_alternating_serial_same_map_4096_1,Ventus,mixed_direction,intra_cta,bulk,mixed,alternating,serial,na,4096,1,2,0,cold,344,352,344,352,0,0,0,0,11589973981090184183,0,0,not_applicable,0,not_applicable,0x90003000
intra_cta_bulk_mixed_alternating_serial_same_map_4096_1,Ventus,mixed_direction,intra_cta,bulk,mixed,alternating,serial,na,4096,1,2,1,hot,394,402,394,402,0,0,0,0,11589973981090184183,0,1,not_applicable,0,not_applicable,0x90003000
intra_cta_bulk_mixed_alternating_batched_same_map_4096_1,Ventus,mixed_direction,intra_cta,bulk,mixed,alternating,batched,na,4096,1,2,0,cold,121,324,121,324,0,0,0,0,11589973981090184183,0,0,not_applicable,0,not_applicable,0x90003000
intra_cta_bulk_mixed_alternating_batched_same_map_4096_1,Ventus,mixed_direction,intra_cta,bulk,mixed,alternating,batched,na,4096,1,2,1,hot,129,374,129,374,0,0,0,0,11589973981090184183,0,1,not_applicable,0,not_applicable,0x90003000
intra_cta_bulk_mixed_g2s_then_s2g_serial_same_map_4096_1,Ventus,mixed_direction,intra_cta,bulk,mixed,g2s_then_s2g,serial,na,4096,1,2,0,cold,344,352,344,352,0,0,0,0,11589973981090184183,0,0,not_applicable,0,not_applicable,0x90003000
intra_cta_bulk_mixed_g2s_then_s2g_serial_same_map_4096_1,Ventus,mixed_direction,intra_cta,bulk,mixed,g2s_then_s2g,serial,na,4096,1,2,1,hot,395,403,395,403,0,0,0,0,11589973981090184183,0,1,not_applicable,0,not_applicable,0x90003000
intra_cta_bulk_mixed_g2s_then_s2g_batched_same_map_4096_1,Ventus,mixed_direction,intra_cta,bulk,mixed,g2s_then_s2g,batched,na,4096,1,2,0,cold,121,324,121,324,0,0,0,0,11589973981090184183,0,0,not_applicable,0,not_applicable,0x90003000
intra_cta_bulk_mixed_g2s_then_s2g_batched_same_map_4096_1,Ventus,mixed_direction,intra_cta,bulk,mixed,g2s_then_s2g,batched,na,4096,1,2,1,hot,131,371,131,371,0,0,0,0,11589973981090184183,0,1,not_applicable,0,not_applicable,0x90003000
intra_cta_bulk_mixed_s2g_then_g2s_serial_same_map_4096_1,Ventus,mixed_direction,intra_cta,bulk,mixed,s2g_then_g2s,serial,na,4096,1,2,0,cold,344,352,344,352,0,0,0,0,11589973981090184183,0,0,not_applicable,0,not_applicable,0x90003000
intra_cta_bulk_mixed_s2g_then_g2s_serial_same_map_4096_1,Ventus,mixed_direction,intra_cta,bulk,mixed,s2g_then_g2s,serial,na,4096,1,2,1,hot,394,402,394,402,0,0,0,0,11589973981090184183,0,1,not_applicable,0,not_applicable,0x90003000
intra_cta_bulk_mixed_s2g_then_g2s_batched_same_map_4096_1,Ventus,mixed_direction,intra_cta,bulk,mixed,s2g_then_g2s,batched,na,4096,1,2,0,cold,120,312,120,312,0,0,0,0,11589973981090184183,0,0,not_applicable,0,not_applicable,0x90003000
intra_cta_bulk_mixed_s2g_then_g2s_batched_same_map_4096_1,Ventus,mixed_direction,intra_cta,bulk,mixed,s2g_then_g2s,batched,na,4096,1,2,1,hot,129,357,129,357,0,0,0,0,11589973981090184183,0,1,not_applicable,0,not_applicable,0x90003000
multi_cta_tensor_mixed_alternating_batched_same_map_128_1,Ventus,mixed_direction,multi_cta,tensor,mixed,alternating,batched,same_map,128,1,2,0,cold,176,265,176,265,0,0,0,0,14037425093021684951,0,0,patch_descriptor_write,0,tmau_cold_bank_first_use,0x90001000
multi_cta_tensor_mixed_alternating_batched_same_map_128_1,Ventus,mixed_direction,multi_cta,tensor,mixed,alternating,batched,same_map,128,1,2,1,hot,159,228,159,228,0,0,0,0,14037425093021684951,0,1,patch_descriptor_write,0,tmau_hot_bank_reuse,0x90001000
multi_cta_tensor_mixed_g2s_then_s2g_batched_same_map_128_1,Ventus,mixed_direction,multi_cta,tensor,mixed,g2s_then_s2g,batched,same_map,128,1,2,0,cold,243,345,243,345,0,0,0,0,14037425093021684951,0,0,patch_descriptor_write,0,tmau_cold_bank_first_use,0x90001000
multi_cta_tensor_mixed_g2s_then_s2g_batched_same_map_128_1,Ventus,mixed_direction,multi_cta,tensor,mixed,g2s_then_s2g,batched,same_map,128,1,2,1,hot,247,322,247,322,0,0,0,0,14037425093021684951,0,1,patch_descriptor_write,0,tmau_hot_bank_reuse,0x90001000
multi_cta_tensor_mixed_s2g_then_g2s_batched_same_map_128_1,Ventus,mixed_direction,multi_cta,tensor,mixed,s2g_then_g2s,batched,same_map,128,1,2,0,cold,245,326,245,326,0,0,0,0,14037425093021684951,0,0,patch_descriptor_write,0,tmau_cold_bank_first_use,0x90001000
multi_cta_tensor_mixed_s2g_then_g2s_batched_same_map_128_1,Ventus,mixed_direction,multi_cta,tensor,mixed,s2g_then_g2s,batched,same_map,128,1,2,1,hot,245,299,245,299,0,0,0,0,14037425093021684951,0,1,patch_descriptor_write,0,tmau_hot_bank_reuse,0x90001000
multi_cta_tensor_mixed_alternating_batched_distinct_map_128_1,Ventus,mixed_direction,multi_cta,tensor,mixed,alternating,batched,distinct_map,128,1,2,0,cold,189,278,189,278,0,0,0,0,14037425093021684951,0,0,patch_descriptor_write,0,tmau_cold_bank_first_use,0x90001000
multi_cta_tensor_mixed_alternating_batched_distinct_map_128_1,Ventus,mixed_direction,multi_cta,tensor,mixed,alternating,batched,distinct_map,128,1,2,1,hot,188,250,188,250,0,0,0,0,14037425093021684951,0,1,patch_descriptor_write,0,tmau_hot_bank_reuse,0x90001000
multi_cta_tensor_mixed_g2s_then_s2g_batched_distinct_map_128_1,Ventus,mixed_direction,multi_cta,tensor,mixed,g2s_then_s2g,batched,distinct_map,128,1,2,0,cold,273,375,273,375,0,0,0,0,14037425093021684951,0,0,patch_descriptor_write,0,tmau_cold_bank_first_use,0x90001000
multi_cta_tensor_mixed_g2s_then_s2g_batched_distinct_map_128_1,Ventus,mixed_direction,multi_cta,tensor,mixed,g2s_then_s2g,batched,distinct_map,128,1,2,1,hot,273,348,273,348,0,0,0,0,14037425093021684951,0,1,patch_descriptor_write,0,tmau_hot_bank_reuse,0x90001000
multi_cta_tensor_mixed_s2g_then_g2s_batched_distinct_map_128_1,Ventus,mixed_direction,multi_cta,tensor,mixed,s2g_then_g2s,batched,distinct_map,128,1,2,0,cold,270,351,270,351,0,0,0,0,14037425093021684951,0,0,patch_descriptor_write,0,tmau_cold_bank_first_use,0x90001000
multi_cta_tensor_mixed_s2g_then_g2s_batched_distinct_map_128_1,Ventus,mixed_direction,multi_cta,tensor,mixed,s2g_then_g2s,batched,distinct_map,128,1,2,1,hot,270,324,270,324,0,0,0,0,14037425093021684951,0,1,patch_descriptor_write,0,tmau_hot_bank_reuse,0x90001000
multi_cta_tensor_mixed_alternating_batched_same_map_128_2,Ventus,mixed_direction,multi_cta,tensor,mixed,alternating,batched,same_map,128,2,4,0,cold,175,265,177,267,0,0,0,0,8452207768371915711,0,0,patch_descriptor_write,0,tmau_cold_bank_first_use,0x90001000
multi_cta_tensor_mixed_alternating_batched_same_map_128_2,Ventus,mixed_direction,multi_cta,tensor,mixed,alternating,batched,same_map,128,2,4,1,hot,159,228,161,230,0,0,0,0,8452207768371915711,0,1,patch_descriptor_write,0,tmau_hot_bank_reuse,0x90001000
multi_cta_tensor_mixed_g2s_then_s2g_batched_same_map_128_2,Ventus,mixed_direction,multi_cta,tensor,mixed,g2s_then_s2g,batched,same_map,128,2,4,0,cold,243,345,245,347,0,0,0,0,8452207768371915711,0,0,patch_descriptor_write,0,tmau_cold_bank_first_use,0x90001000
multi_cta_tensor_mixed_g2s_then_s2g_batched_same_map_128_2,Ventus,mixed_direction,multi_cta,tensor,mixed,g2s_then_s2g,batched,same_map,128,2,4,1,hot,247,322,249,324,0,0,0,0,8452207768371915711,0,1,patch_descriptor_write,0,tmau_hot_bank_reuse,0x90001000
multi_cta_tensor_mixed_s2g_then_g2s_batched_same_map_128_2,Ventus,mixed_direction,multi_cta,tensor,mixed,s2g_then_g2s,batched,same_map,128,2,4,0,cold,245,326,247,328,0,0,0,0,8452207768371915711,0,0,patch_descriptor_write,0,tmau_cold_bank_first_use,0x90001000
multi_cta_tensor_mixed_s2g_then_g2s_batched_same_map_128_2,Ventus,mixed_direction,multi_cta,tensor,mixed,s2g_then_g2s,batched,same_map,128,2,4,1,hot,245,299,247,301,0,0,0,0,8452207768371915711,0,1,patch_descriptor_write,0,tmau_hot_bank_reuse,0x90001000
multi_cta_tensor_mixed_alternating_batched_distinct_map_128_2,Ventus,mixed_direction,multi_cta,tensor,mixed,alternating,batched,distinct_map,128,2,4,0,cold,189,278,191,280,0,0,0,0,46565859912095883,0,0,patch_descriptor_write,0,tmau_cold_bank_first_use,0x90001000
multi_cta_tensor_mixed_alternating_batched_distinct_map_128_2,Ventus,mixed_direction,multi_cta,tensor,mixed,alternating,batched,distinct_map,128,2,4,1,hot,188,250,190,252,0,0,0,0,46565859912095883,0,1,patch_descriptor_write,0,tmau_hot_bank_reuse,0x90001000
multi_cta_tensor_mixed_g2s_then_s2g_batched_distinct_map_128_2,Ventus,mixed_direction,multi_cta,tensor,mixed,g2s_then_s2g,batched,distinct_map,128,2,4,0,cold,274,376,276,378,0,0,0,0,46565859912095883,0,0,patch_descriptor_write,0,tmau_cold_bank_first_use,0x90001000
multi_cta_tensor_mixed_g2s_then_s2g_batched_distinct_map_128_2,Ventus,mixed_direction,multi_cta,tensor,mixed,g2s_then_s2g,batched,distinct_map,128,2,4,1,hot,273,348,275,350,0,0,0,0,46565859912095883,0,1,patch_descriptor_write,0,tmau_hot_bank_reuse,0x90001000
multi_cta_tensor_mixed_s2g_then_g2s_batched_distinct_map_128_2,Ventus,mixed_direction,multi_cta,tensor,mixed,s2g_then_g2s,batched,distinct_map,128,2,4,0,cold,270,360,272,362,0,0,0,0,46565859912095883,0,0,patch_descriptor_write,0,tmau_cold_bank_first_use,0x90001000
multi_cta_tensor_mixed_s2g_then_g2s_batched_distinct_map_128_2,Ventus,mixed_direction,multi_cta,tensor,mixed,s2g_then_g2s,batched,distinct_map,128,2,4,1,hot,271,325,283,337,0,0,0,0,46565859912095883,0,1,patch_descriptor_write,0,tmau_hot_bank_reuse,0x90001000
multi_cta_tensor_mixed_alternating_batched_same_map_128_4,Ventus,mixed_direction,multi_cta,tensor,mixed,alternating,batched,same_map,128,4,8,0,cold,211,288,257,334,0,0,0,0,9163039423513519779,0,0,patch_descriptor_write,0,tmau_cold_bank_first_use,0x90001000
multi_cta_tensor_mixed_alternating_batched_same_map_128_4,Ventus,mixed_direction,multi_cta,tensor,mixed,alternating,batched,same_map,128,4,8,1,hot,163,240,241,319,0,0,0,0,9163039423513519779,0,1,patch_descriptor_write,0,tmau_hot_bank_reuse,0x90001000
multi_cta_tensor_mixed_g2s_then_s2g_batched_same_map_128_4,Ventus,mixed_direction,multi_cta,tensor,mixed,g2s_then_s2g,batched,same_map,128,4,8,0,cold,256,350,323,398,0,0,0,0,9163039423513519779,0,0,patch_descriptor_write,0,tmau_cold_bank_first_use,0x90001000
multi_cta_tensor_mixed_g2s_then_s2g_batched_same_map_128_4,Ventus,mixed_direction,multi_cta,tensor,mixed,g2s_then_s2g,batched,same_map,128,4,8,1,hot,272,349,327,404,0,0,0,0,9163039423513519779,0,1,patch_descriptor_write,0,tmau_hot_bank_reuse,0x90001000
multi_cta_tensor_mixed_s2g_then_g2s_batched_same_map_128_4,Ventus,mixed_direction,multi_cta,tensor,mixed,s2g_then_g2s,batched,same_map,128,4,8,0,cold,257,331,322,376,0,0,0,0,9163039423513519779,0,0,patch_descriptor_write,0,tmau_cold_bank_first_use,0x90001000
multi_cta_tensor_mixed_s2g_then_g2s_batched_same_map_128_4,Ventus,mixed_direction,multi_cta,tensor,mixed,s2g_then_g2s,batched,same_map,128,4,8,1,hot,263,326,325,385,0,0,0,0,9163039423513519779,0,1,patch_descriptor_write,0,tmau_hot_bank_reuse,0x90001000
multi_cta_tensor_mixed_alternating_batched_distinct_map_128_4,Ventus,mixed_direction,multi_cta,tensor,mixed,alternating,batched,distinct_map,128,4,8,0,cold,237,334,282,379,0,0,0,0,4792309980272309403,0,0,patch_descriptor_write,0,tmau_cold_bank_first_use,0x90001000
multi_cta_tensor_mixed_alternating_batched_distinct_map_128_4,Ventus,mixed_direction,multi_cta,tensor,mixed,alternating,batched,distinct_map,128,4,8,1,hot,194,265,300,373,0,0,0,0,4792309980272309403,0,1,patch_descriptor_write,0,tmau_hot_bank_reuse,0x90001000
multi_cta_tensor_mixed_g2s_then_s2g_batched_distinct_map_128_4,Ventus,mixed_direction,multi_cta,tensor,mixed,g2s_then_s2g,batched,distinct_map,128,4,8,0,cold,285,388,351,453,0,0,0,0,4792309980272309403,0,0,patch_descriptor_write,0,tmau_cold_bank_first_use,0x90001000
multi_cta_tensor_mixed_g2s_then_s2g_batched_distinct_map_128_4,Ventus,mixed_direction,multi_cta,tensor,mixed,g2s_then_s2g,batched,distinct_map,128,4,8,1,hot,296,381,386,471,0,0,0,0,4792309980272309403,0,1,patch_descriptor_write,0,tmau_hot_bank_reuse,0x90001000
multi_cta_tensor_mixed_s2g_then_g2s_batched_distinct_map_128_4,Ventus,mixed_direction,multi_cta,tensor,mixed,s2g_then_g2s,batched,distinct_map,128,4,8,0,cold,289,371,345,427,0,0,0,0,4792309980272309403,0,0,patch_descriptor_write,0,tmau_cold_bank_first_use,0x90001000
multi_cta_tensor_mixed_s2g_then_g2s_batched_distinct_map_128_4,Ventus,mixed_direction,multi_cta,tensor,mixed,s2g_then_g2s,batched,distinct_map,128,4,8,1,hot,282,337,378,432,0,0,0,0,4792309980272309403,0,1,patch_descriptor_write,0,tmau_hot_bank_reuse,0x90001000
multi_cta_tensor_mixed_alternating_batched_same_map_128_8,Ventus,mixed_direction,multi_cta,tensor,mixed,alternating,batched,same_map,128,8,16,0,cold,3128,3206,6446,6524,0,0,0,0,15389727227405645571,0,0,patch_descriptor_write,0,tmau_cold_bank_first_use,0x90001000
multi_cta_tensor_mixed_alternating_batched_same_map_128_8,Ventus,mixed_direction,multi_cta,tensor,mixed,alternating,batched,same_map,128,8,16,1,hot,205,272,7405,7496,0,0,0,0,15389727227405645571,0,1,patch_descriptor_write,0,tmau_hot_bank_reuse,0x90001000
multi_cta_tensor_mixed_g2s_then_s2g_batched_same_map_128_8,Ventus,mixed_direction,multi_cta,tensor,mixed,g2s_then_s2g,batched,same_map,128,8,16,0,cold,1143,2217,6765,7839,0,0,0,0,15389727227405645571,0,0,patch_descriptor_write,0,tmau_cold_bank_first_use,0x90001000
multi_cta_tensor_mixed_g2s_then_s2g_batched_same_map_128_8,Ventus,mixed_direction,multi_cta,tensor,mixed,g2s_then_s2g,batched,same_map,128,8,16,1,hot,299,376,7722,7797,0,0,0,0,15389727227405645571,0,1,patch_descriptor_write,0,tmau_hot_bank_reuse,0x90001000
multi_cta_tensor_mixed_s2g_then_g2s_batched_same_map_128_8,Ventus,mixed_direction,multi_cta,tensor,mixed,s2g_then_g2s,batched,same_map,128,8,16,0,cold,2122,2185,8313,8376,0,0,0,0,15389727227405645571,0,0,patch_descriptor_write,0,tmau_cold_bank_first_use,0x90001000
multi_cta_tensor_mixed_s2g_then_g2s_batched_same_map_128_8,Ventus,mixed_direction,multi_cta,tensor,mixed,s2g_then_g2s,batched,same_map,128,8,16,1,hot,2517,2579,8269,8323,0,0,0,0,15389727227405645571,0,1,patch_descriptor_write,0,tmau_hot_bank_reuse,0x90001000
multi_cta_tensor_mixed_alternating_batched_distinct_map_128_8,Ventus,mixed_direction,multi_cta,tensor,mixed,alternating,batched,distinct_map,128,8,16,0,cold,3108,3197,7608,7697,0,0,0,0,36310721401880851,0,0,patch_descriptor_write,0,tmau_cold_bank_first_use,0x90001000
multi_cta_tensor_mixed_alternating_batched_distinct_map_128_8,Ventus,mixed_direction,multi_cta,tensor,mixed,alternating,batched,distinct_map,128,8,16,1,hot,220,303,7589,7665,0,0,0,0,36310721401880851,0,1,patch_descriptor_write,0,tmau_hot_bank_reuse,0x90001000
multi_cta_tensor_mixed_g2s_then_s2g_batched_distinct_map_128_8,Ventus,mixed_direction,multi_cta,tensor,mixed,g2s_then_s2g,batched,distinct_map,128,8,16,0,cold,2270,2372,8426,8528,0,0,0,0,36310721401880851,0,0,patch_descriptor_write,0,tmau_cold_bank_first_use,0x90001000
multi_cta_tensor_mixed_g2s_then_s2g_batched_distinct_map_128_8,Ventus,mixed_direction,multi_cta,tensor,mixed,g2s_then_s2g,batched,distinct_map,128,8,16,1,hot,1359,2354,8392,8467,0,0,0,0,36310721401880851,0,1,patch_descriptor_write,0,tmau_hot_bank_reuse,0x90001000
multi_cta_tensor_mixed_s2g_then_g2s_batched_distinct_map_128_8,Ventus,mixed_direction,multi_cta,tensor,mixed,s2g_then_g2s,batched,distinct_map,128,8,16,0,cold,2177,4003,7853,7943,0,0,0,0,36310721401880851,0,0,patch_descriptor_write,0,tmau_cold_bank_first_use,0x90001000
multi_cta_tensor_mixed_s2g_then_g2s_batched_distinct_map_128_8,Ventus,mixed_direction,multi_cta,tensor,mixed,s2g_then_g2s,batched,distinct_map,128,8,16,1,hot,316,408,7822,7876,0,0,0,0,36310721401880851,0,1,patch_descriptor_write,0,tmau_hot_bank_reuse,0x90001000
multi_cta_tensor_mixed_alternating_batched_same_map_128_16,Ventus,mixed_direction,multi_cta,tensor,mixed,alternating,batched,same_map,128,16,32,0,cold,3155,3289,13317,13397,0,0,0,0,11559285525127045971,0,0,patch_descriptor_write,0,tmau_cold_bank_first_use,0x90001000
multi_cta_tensor_mixed_alternating_batched_same_map_128_16,Ventus,mixed_direction,multi_cta,tensor,mixed,alternating,batched,same_map,128,16,32,1,hot,3036,4123,16175,17262,0,0,0,0,11559285525127045971,0,1,patch_descriptor_write,0,tmau_hot_bank_reuse,0x90001000
multi_cta_tensor_mixed_g2s_then_s2g_batched_same_map_128_16,Ventus,mixed_direction,multi_cta,tensor,mixed,g2s_then_s2g,batched,same_map,128,16,32,0,cold,1287,2362,18416,18491,0,0,0,0,11559285525127045971,0,0,patch_descriptor_write,0,tmau_cold_bank_first_use,0x90001000
multi_cta_tensor_mixed_g2s_then_s2g_batched_same_map_128_16,Ventus,mixed_direction,multi_cta,tensor,mixed,g2s_then_s2g,batched,same_map,128,16,32,1,hot,2203,2548,19340,19415,0,0,0,0,11559285525127045971,0,1,patch_descriptor_write,0,tmau_hot_bank_reuse,0x90001000
multi_cta_tensor_mixed_s2g_then_g2s_batched_same_map_128_16,Ventus,mixed_direction,multi_cta,tensor,mixed,s2g_then_g2s,batched,same_map,128,16,32,0,cold,4091,5146,15775,15838,0,0,0,0,11559285525127045971,0,0,patch_descriptor_write,0,tmau_cold_bank_first_use,0x90001000
multi_cta_tensor_mixed_s2g_then_g2s_batched_same_map_128_16,Ventus,mixed_direction,multi_cta,tensor,mixed,s2g_then_g2s,batched,same_map,128,16,32,1,hot,1221,2129,16740,17715,0,0,0,0,11559285525127045971,0,1,patch_descriptor_write,0,tmau_hot_bank_reuse,0x90001000
multi_cta_tensor_mixed_alternating_batched_distinct_map_128_16,Ventus,mixed_direction,multi_cta,tensor,mixed,alternating,batched,distinct_map,128,16,32,0,cold,2089,2179,16416,16505,0,0,0,0,7758808923709903267,0,0,patch_descriptor_write,0,tmau_cold_bank_first_use,0x90001000
multi_cta_tensor_mixed_alternating_batched_distinct_map_128_16,Ventus,mixed_direction,multi_cta,tensor,mixed,alternating,batched,distinct_map,128,16,32,1,hot,1145,2328,16366,17205,0,0,0,0,7758808923709903267,0,1,patch_descriptor_write,0,tmau_hot_bank_reuse,0x90001000
multi_cta_tensor_mixed_g2s_then_s2g_batched_distinct_map_128_16,Ventus,mixed_direction,multi_cta,tensor,mixed,g2s_then_s2g,batched,distinct_map,128,16,32,0,cold,1355,2448,17810,18900,0,0,0,0,7758808923709903267,0,0,patch_descriptor_write,0,tmau_cold_bank_first_use,0x90001000
multi_cta_tensor_mixed_g2s_then_s2g_batched_distinct_map_128_16,Ventus,mixed_direction,multi_cta,tensor,mixed,g2s_then_s2g,batched,distinct_map,128,16,32,1,hot,1181,3181,19623,19698,0,0,0,0,7758808923709903267,0,1,patch_descriptor_write,0,tmau_hot_bank_reuse,0x90001000
multi_cta_tensor_mixed_s2g_then_g2s_batched_distinct_map_128_16,Ventus,mixed_direction,multi_cta,tensor,mixed,s2g_then_g2s,batched,distinct_map,128,16,32,0,cold,3255,4368,14833,15946,0,0,0,0,7758808923709903267,0,0,patch_descriptor_write,0,tmau_cold_bank_first_use,0x90001000
multi_cta_tensor_mixed_s2g_then_g2s_batched_distinct_map_128_16,Ventus,mixed_direction,multi_cta,tensor,mixed,s2g_then_g2s,batched,distinct_map,128,16,32,1,hot,3269,3361,16707,17772,0,0,0,0,7758808923709903267,0,1,patch_descriptor_write,0,tmau_hot_bank_reuse,0x90001000
multi_cta_tensor_mixed_alternating_batched_same_map_4096_1,Ventus,mixed_direction,multi_cta,tensor,mixed,alternating,batched,same_map,4096,1,2,0,cold,172,409,172,409,0,0,0,0,11589973981090184183,0,0,patch_descriptor_write,0,tmau_cold_bank_first_use,0x90003000
multi_cta_tensor_mixed_alternating_batched_same_map_4096_1,Ventus,mixed_direction,multi_cta,tensor,mixed,alternating,batched,same_map,4096,1,2,1,hot,151,389,151,389,0,0,0,0,11589973981090184183,0,1,patch_descriptor_write,0,tmau_hot_bank_reuse,0x90003000
multi_cta_tensor_mixed_g2s_then_s2g_batched_same_map_4096_1,Ventus,mixed_direction,multi_cta,tensor,mixed,g2s_then_s2g,batched,same_map,4096,1,2,0,cold,241,441,241,441,0,0,0,0,11589973981090184183,0,0,patch_descriptor_write,0,tmau_cold_bank_first_use,0x90003000
multi_cta_tensor_mixed_g2s_then_s2g_batched_same_map_4096_1,Ventus,mixed_direction,multi_cta,tensor,mixed,g2s_then_s2g,batched,same_map,4096,1,2,1,hot,245,424,245,424,0,0,0,0,11589973981090184183,0,1,patch_descriptor_write,0,tmau_hot_bank_reuse,0x90003000
multi_cta_tensor_mixed_s2g_then_g2s_batched_same_map_4096_1,Ventus,mixed_direction,multi_cta,tensor,mixed,s2g_then_g2s,batched,same_map,4096,1,2,0,cold,244,393,244,393,0,0,0,0,11589973981090184183,0,0,patch_descriptor_write,0,tmau_cold_bank_first_use,0x90003000
multi_cta_tensor_mixed_s2g_then_g2s_batched_same_map_4096_1,Ventus,mixed_direction,multi_cta,tensor,mixed,s2g_then_g2s,batched,same_map,4096,1,2,1,hot,243,379,243,379,0,0,0,0,11589973981090184183,0,1,patch_descriptor_write,0,tmau_hot_bank_reuse,0x90003000
multi_cta_tensor_mixed_alternating_batched_distinct_map_4096_1,Ventus,mixed_direction,multi_cta,tensor,mixed,alternating,batched,distinct_map,4096,1,2,0,cold,187,425,187,425,0,0,0,0,11589973981090184183,0,0,patch_descriptor_write,0,tmau_cold_bank_first_use,0x90003000
multi_cta_tensor_mixed_alternating_batched_distinct_map_4096_1,Ventus,mixed_direction,multi_cta,tensor,mixed,alternating,batched,distinct_map,4096,1,2,1,hot,182,404,182,404,0,0,0,0,11589973981090184183,0,1,patch_descriptor_write,0,tmau_hot_bank_reuse,0x90003000
multi_cta_tensor_mixed_g2s_then_s2g_batched_distinct_map_4096_1,Ventus,mixed_direction,multi_cta,tensor,mixed,g2s_then_s2g,batched,distinct_map,4096,1,2,0,cold,271,468,271,468,0,0,0,0,11589973981090184183,0,0,patch_descriptor_write,0,tmau_cold_bank_first_use,0x90003000
multi_cta_tensor_mixed_g2s_then_s2g_batched_distinct_map_4096_1,Ventus,mixed_direction,multi_cta,tensor,mixed,g2s_then_s2g,batched,distinct_map,4096,1,2,1,hot,271,450,271,450,0,0,0,0,11589973981090184183,0,1,patch_descriptor_write,0,tmau_hot_bank_reuse,0x90003000
multi_cta_tensor_mixed_s2g_then_g2s_batched_distinct_map_4096_1,Ventus,mixed_direction,multi_cta,tensor,mixed,s2g_then_g2s,batched,distinct_map,4096,1,2,0,cold,268,422,268,422,0,0,0,0,11589973981090184183,0,0,patch_descriptor_write,0,tmau_cold_bank_first_use,0x90003000
multi_cta_tensor_mixed_s2g_then_g2s_batched_distinct_map_4096_1,Ventus,mixed_direction,multi_cta,tensor,mixed,s2g_then_g2s,batched,distinct_map,4096,1,2,1,hot,285,402,285,402,0,0,0,0,11589973981090184183,0,1,patch_descriptor_write,0,tmau_hot_bank_reuse,0x90003000
multi_cta_tensor_mixed_alternating_batched_same_map_4096_2,Ventus,mixed_direction,multi_cta,tensor,mixed,alternating,batched,same_map,4096,2,4,0,cold,172,583,174,585,0,0,0,0,11147584076014799575,0,0,patch_descriptor_write,0,tmau_cold_bank_first_use,0x90001000
multi_cta_tensor_mixed_alternating_batched_same_map_4096_2,Ventus,mixed_direction,multi_cta,tensor,mixed,alternating,batched,same_map,4096,2,4,1,hot,152,432,325,605,0,0,0,0,11147584076014799575,0,1,patch_descriptor_write,0,tmau_hot_bank_reuse,0x90001000
multi_cta_tensor_mixed_g2s_then_s2g_batched_same_map_4096_2,Ventus,mixed_direction,multi_cta,tensor,mixed,g2s_then_s2g,batched,same_map,4096,2,4,0,cold,275,605,277,607,0,0,0,0,11147584076014799575,0,0,patch_descriptor_write,0,tmau_cold_bank_first_use,0x90001000
multi_cta_tensor_mixed_g2s_then_s2g_batched_same_map_4096_2,Ventus,mixed_direction,multi_cta,tensor,mixed,g2s_then_s2g,batched,same_map,4096,2,4,1,hot,260,503,406,649,0,0,0,0,11147584076014799575,0,1,patch_descriptor_write,0,tmau_hot_bank_reuse,0x90001000
multi_cta_tensor_mixed_s2g_then_g2s_batched_same_map_4096_2,Ventus,mixed_direction,multi_cta,tensor,mixed,s2g_then_g2s,batched,same_map,4096,2,4,0,cold,243,528,245,530,0,0,0,0,11147584076014799575,0,0,patch_descriptor_write,0,tmau_cold_bank_first_use,0x90001000
multi_cta_tensor_mixed_s2g_then_g2s_batched_same_map_4096_2,Ventus,mixed_direction,multi_cta,tensor,mixed,s2g_then_g2s,batched,same_map,4096,2,4,1,hot,253,470,318,534,0,0,0,0,11147584076014799575,0,1,patch_descriptor_write,0,tmau_hot_bank_reuse,0x90001000
multi_cta_tensor_mixed_alternating_batched_distinct_map_4096_2,Ventus,mixed_direction,multi_cta,tensor,mixed,alternating,batched,distinct_map,4096,2,4,0,cold,187,626,189,628,0,0,0,0,11646568436836088267,0,0,patch_descriptor_write,0,tmau_cold_bank_first_use,0x90001000
multi_cta_tensor_mixed_alternating_batched_distinct_map_4096_2,Ventus,mixed_direction,multi_cta,tensor,mixed,alternating,batched,distinct_map,4096,2,4,1,hot,255,485,436,666,0,0,0,0,11646568436836088267,0,1,patch_descriptor_write,0,tmau_hot_bank_reuse,0x90001000
multi_cta_tensor_mixed_g2s_then_s2g_batched_distinct_map_4096_2,Ventus,mixed_direction,multi_cta,tensor,mixed,g2s_then_s2g,batched,distinct_map,4096,2,4,0,cold,302,593,304,595,0,0,0,0,11646568436836088267,0,0,patch_descriptor_write,0,tmau_cold_bank_first_use,0x90001000
multi_cta_tensor_mixed_g2s_then_s2g_batched_distinct_map_4096_2,Ventus,mixed_direction,multi_cta,tensor,mixed,g2s_then_s2g,batched,distinct_map,4096,2,4,1,hot,271,512,330,571,0,0,0,0,11646568436836088267,0,1,patch_descriptor_write,0,tmau_hot_bank_reuse,0x90001000
multi_cta_tensor_mixed_s2g_then_g2s_batched_distinct_map_4096_2,Ventus,mixed_direction,multi_cta,tensor,mixed,s2g_then_g2s,batched,distinct_map,4096,2,4,0,cold,322,557,324,559,0,0,0,0,11646568436836088267,0,0,patch_descriptor_write,0,tmau_cold_bank_first_use,0x90001000
multi_cta_tensor_mixed_s2g_then_g2s_batched_distinct_map_4096_2,Ventus,mixed_direction,multi_cta,tensor,mixed,s2g_then_g2s,batched,distinct_map,4096,2,4,1,hot,271,477,324,530,0,0,0,0,11646568436836088267,0,1,patch_descriptor_write,0,tmau_hot_bank_reuse,0x90001000
multi_cta_tensor_mixed_alternating_batched_same_map_4096_4,Ventus,mixed_direction,multi_cta,tensor,mixed,alternating,batched,same_map,4096,4,8,0,cold,579,996,748,1165,0,0,0,0,8448878869508621719,0,0,patch_descriptor_write,0,tmau_cold_bank_first_use,0x90001000
multi_cta_tensor_mixed_alternating_batched_same_map_4096_4,Ventus,mixed_direction,multi_cta,tensor,mixed,alternating,batched,same_map,4096,4,8,1,hot,204,516,944,1199,0,0,0,0,8448878869508621719,0,1,patch_descriptor_write,0,tmau_hot_bank_reuse,0x90001000
multi_cta_tensor_mixed_g2s_then_s2g_batched_same_map_4096_4,Ventus,mixed_direction,multi_cta,tensor,mixed,g2s_then_s2g,batched,same_map,4096,4,8,0,cold,419,834,812,1227,0,0,0,0,8448878869508621719,0,0,patch_descriptor_write,0,tmau_cold_bank_first_use,0x90001000
multi_cta_tensor_mixed_g2s_then_s2g_batched_same_map_4096_4,Ventus,mixed_direction,multi_cta,tensor,mixed,g2s_then_s2g,batched,same_map,4096,4,8,1,hot,264,551,1062,1276,0,0,0,0,8448878869508621719,0,1,patch_descriptor_write,0,tmau_hot_bank_reuse,0x90001000
multi_cta_tensor_mixed_s2g_then_g2s_batched_same_map_4096_4,Ventus,mixed_direction,multi_cta,tensor,mixed,s2g_then_g2s,batched,same_map,4096,4,8,0,cold,497,945,657,1105,0,0,0,0,8448878869508621719,0,0,patch_descriptor_write,0,tmau_cold_bank_first_use,0x90001000
multi_cta_tensor_mixed_s2g_then_g2s_batched_same_map_4096_4,Ventus,mixed_direction,multi_cta,tensor,mixed,s2g_then_g2s,batched,same_map,4096,4,8,1,hot,264,631,1045,1178,0,0,0,0,8448878869508621719,0,1,patch_descriptor_write,0,tmau_hot_bank_reuse,0x90001000
multi_cta_tensor_mixed_alternating_batched_distinct_map_4096_4,Ventus,mixed_direction,multi_cta,tensor,mixed,alternating,batched,distinct_map,4096,4,8,0,cold,619,1037,781,1199,0,0,0,0,3518914908958437374,0,0,patch_descriptor_write,0,tmau_cold_bank_first_use,0x90001000
multi_cta_tensor_mixed_alternating_batched_distinct_map_4096_4,Ventus,mixed_direction,multi_cta,tensor,mixed,alternating,batched,distinct_map,4096,4,8,1,hot,227,644,1014,1256,0,0,0,0,3518914908958437374,0,1,patch_descriptor_write,0,tmau_hot_bank_reuse,0x90001000
multi_cta_tensor_mixed_g2s_then_s2g_batched_distinct_map_4096_4,Ventus,mixed_direction,multi_cta,tensor,mixed,g2s_then_s2g,batched,distinct_map,4096,4,8,0,cold,606,1142,712,1248,0,0,0,0,3518914908958437374,0,0,patch_descriptor_write,0,tmau_cold_bank_first_use,0x90001000
multi_cta_tensor_mixed_g2s_then_s2g_batched_distinct_map_4096_4,Ventus,mixed_direction,multi_cta,tensor,mixed,g2s_then_s2g,batched,distinct_map,4096,4,8,1,hot,286,542,1047,1242,0,0,0,0,3518914908958437374,0,1,patch_descriptor_write,0,tmau_hot_bank_reuse,0x90001000
multi_cta_tensor_mixed_s2g_then_g2s_batched_distinct_map_4096_4,Ventus,mixed_direction,multi_cta,tensor,mixed,s2g_then_g2s,batched,distinct_map,4096,4,8,0,cold,541,1037,706,1202,0,0,0,0,3518914908958437374,0,0,patch_descriptor_write,0,tmau_cold_bank_first_use,0x90001000
multi_cta_tensor_mixed_s2g_then_g2s_batched_distinct_map_4096_4,Ventus,mixed_direction,multi_cta,tensor,mixed,s2g_then_g2s,batched,distinct_map,4096,4,8,1,hot,287,555,973,1129,0,0,0,0,3518914908958437374,0,1,patch_descriptor_write,0,tmau_hot_bank_reuse,0x90001000
multi_cta_tensor_mixed_alternating_batched_same_map_4096_8,Ventus,mixed_direction,multi_cta,tensor,mixed,alternating,batched,same_map,4096,8,16,0,cold,1272,1544,19944,20216,0,0,0,0,15154536412748816902,0,0,patch_descriptor_write,0,tmau_cold_bank_first_use,0x90001000
multi_cta_tensor_mixed_alternating_batched_same_map_4096_8,Ventus,mixed_direction,multi_cta,tensor,mixed,alternating,batched,same_map,4096,8,16,1,hot,1220,1502,21007,21289,0,0,0,0,15154536412748816902,0,1,patch_descriptor_write,0,tmau_hot_bank_reuse,0x90001000
multi_cta_tensor_mixed_g2s_then_s2g_batched_same_map_4096_8,Ventus,mixed_direction,multi_cta,tensor,mixed,g2s_then_s2g,batched,same_map,4096,8,16,0,cold,297,681,19780,19995,0,0,0,0,15154536412748816902,0,0,patch_descriptor_write,0,tmau_cold_bank_first_use,0x90001000
multi_cta_tensor_mixed_g2s_then_s2g_batched_same_map_4096_8,Ventus,mixed_direction,multi_cta,tensor,mixed,g2s_then_s2g,batched,same_map,4096,8,16,1,hot,299,730,19619,19908,0,0,0,0,15154536412748816902,0,1,patch_descriptor_write,0,tmau_hot_bank_reuse,0x90001000
multi_cta_tensor_mixed_s2g_then_g2s_batched_same_map_4096_8,Ventus,mixed_direction,multi_cta,tensor,mixed,s2g_then_g2s,batched,same_map,4096,8,16,0,cold,423,637,23764,23984,0,0,0,0,15154536412748816902,0,0,patch_descriptor_write,0,tmau_cold_bank_first_use,0x90001000
multi_cta_tensor_mixed_s2g_then_g2s_batched_same_map_4096_8,Ventus,mixed_direction,multi_cta,tensor,mixed,s2g_then_g2s,batched,same_map,4096,8,16,1,hot,365,641,23701,23939,0,0,0,0,15154536412748816902,0,1,patch_descriptor_write,0,tmau_hot_bank_reuse,0x90001000
multi_cta_tensor_mixed_alternating_batched_distinct_map_4096_8,Ventus,mixed_direction,multi_cta,tensor,mixed,alternating,batched,distinct_map,4096,8,16,0,cold,389,836,19589,19901,0,0,0,0,7467269227925124981,0,0,patch_descriptor_write,0,tmau_cold_bank_first_use,0x90001000
multi_cta_tensor_mixed_alternating_batched_distinct_map_4096_8,Ventus,mixed_direction,multi_cta,tensor,mixed,alternating,batched,distinct_map,4096,8,16,1,hot,265,589,19579,19971,0,0,0,0,7467269227925124981,0,1,patch_descriptor_write,0,tmau_hot_bank_reuse,0x90001000
multi_cta_tensor_mixed_s2g_then_g2s_batched_distinct_map_4096_8,Ventus,mixed_direction,multi_cta,tensor,mixed,s2g_then_g2s,batched,distinct_map,4096,8,16,0,cold,321,700,20474,20663,0,0,0,0,7467269227925124981,0,0,patch_descriptor_write,0,tmau_cold_bank_first_use,0x90001000
multi_cta_tensor_mixed_s2g_then_g2s_batched_distinct_map_4096_8,Ventus,mixed_direction,multi_cta,tensor,mixed,s2g_then_g2s,batched,distinct_map,4096,8,16,1,hot,367,767,20403,20534,0,0,0,0,7467269227925124981,0,1,patch_descriptor_write,0,tmau_hot_bank_reuse,0x90001000
multi_cta_tensor_mixed_alternating_batched_same_map_4096_16,Ventus,mixed_direction,multi_cta,tensor,mixed,alternating,batched,same_map,4096,16,32,0,cold,1067,2343,51250,51520,0,0,0,0,17738104166289770829,0,0,patch_descriptor_write,0,tmau_cold_bank_first_use,0x90001000
multi_cta_tensor_mixed_alternating_batched_same_map_4096_16,Ventus,mixed_direction,multi_cta,tensor,mixed,alternating,batched,same_map,4096,16,32,1,hot,199,1531,51075,51323,0,0,0,0,17738104166289770829,0,1,patch_descriptor_write,0,tmau_hot_bank_reuse,0x90001000
multi_cta_tensor_mixed_g2s_then_s2g_batched_same_map_4096_16,Ventus,mixed_direction,multi_cta,tensor,mixed,g2s_then_s2g,batched,same_map,4096,16,32,0,cold,1239,1661,52386,52571,0,0,0,0,17738104166289770829,0,0,patch_descriptor_write,0,tmau_cold_bank_first_use,0x90001000
multi_cta_tensor_mixed_g2s_then_s2g_batched_same_map_4096_16,Ventus,mixed_direction,multi_cta,tensor,mixed,g2s_then_s2g,batched,same_map,4096,16,32,1,hot,314,666,52322,52513,0,0,0,0,17738104166289770829,0,1,patch_descriptor_write,0,tmau_hot_bank_reuse,0x90001000
multi_cta_tensor_mixed_s2g_then_g2s_batched_same_map_4096_16,Ventus,mixed_direction,multi_cta,tensor,mixed,s2g_then_g2s,batched,same_map,4096,16,32,0,cold,1226,1376,53011,53145,0,0,0,0,17738104166289770829,0,0,patch_descriptor_write,0,tmau_cold_bank_first_use,0x90001000
multi_cta_tensor_mixed_s2g_then_g2s_batched_same_map_4096_16,Ventus,mixed_direction,multi_cta,tensor,mixed,s2g_then_g2s,batched,same_map,4096,16,32,1,hot,524,987,52885,53033,0,0,0,0,17738104166289770829,0,1,patch_descriptor_write,0,tmau_hot_bank_reuse,0x90001000
multi_cta_tensor_mixed_alternating_batched_distinct_map_4096_16,Ventus,mixed_direction,multi_cta,tensor,mixed,alternating,batched,distinct_map,4096,16,32,0,cold,1179,2569,52484,52752,0,0,0,0,12884772849794908775,0,0,patch_descriptor_write,0,tmau_cold_bank_first_use,0x90001000
multi_cta_tensor_mixed_alternating_batched_distinct_map_4096_16,Ventus,mixed_direction,multi_cta,tensor,mixed,alternating,batched,distinct_map,4096,16,32,1,hot,323,1452,52350,52575,0,0,0,0,12884772849794908775,0,1,patch_descriptor_write,0,tmau_hot_bank_reuse,0x90001000
multi_cta_tensor_mixed_s2g_then_g2s_batched_distinct_map_4096_16,Ventus,mixed_direction,multi_cta,tensor,mixed,s2g_then_g2s,batched,distinct_map,4096,16,32,0,cold,1260,1557,52277,52461,0,0,0,0,12884772849794908775,0,0,patch_descriptor_write,0,tmau_cold_bank_first_use,0x90001000
multi_cta_tensor_mixed_s2g_then_g2s_batched_distinct_map_4096_16,Ventus,mixed_direction,multi_cta,tensor,mixed,s2g_then_g2s,batched,distinct_map,4096,16,32,1,hot,362,1482,52188,52306,0,0,0,0,12884772849794908775,0,1,patch_descriptor_write,0,tmau_hot_bank_reuse,0x90001000
multi_cta_bulk_mixed_alternating_batched_same_map_128_1,Ventus,mixed_direction,multi_cta,bulk,mixed,alternating,batched,na,128,1,2,0,cold,158,204,158,204,0,0,0,0,14037425093021684951,0,0,not_applicable,0,not_applicable,0x90001000
multi_cta_bulk_mixed_alternating_batched_same_map_128_1,Ventus,mixed_direction,multi_cta,bulk,mixed,alternating,batched,na,128,1,2,1,hot,163,209,163,209,0,0,0,0,14037425093021684951,0,1,not_applicable,0,not_applicable,0x90001000
multi_cta_bulk_mixed_g2s_then_s2g_batched_same_map_128_1,Ventus,mixed_direction,multi_cta,bulk,mixed,g2s_then_s2g,batched,na,128,1,2,0,cold,158,204,158,204,0,0,0,0,14037425093021684951,0,0,not_applicable,0,not_applicable,0x90001000
multi_cta_bulk_mixed_g2s_then_s2g_batched_same_map_128_1,Ventus,mixed_direction,multi_cta,bulk,mixed,g2s_then_s2g,batched,na,128,1,2,1,hot,167,213,167,213,0,0,0,0,14037425093021684951,0,1,not_applicable,0,not_applicable,0x90001000
multi_cta_bulk_mixed_s2g_then_g2s_batched_same_map_128_1,Ventus,mixed_direction,multi_cta,bulk,mixed,s2g_then_g2s,batched,na,128,1,2,0,cold,160,198,160,198,0,0,0,0,14037425093021684951,0,0,not_applicable,0,not_applicable,0x90001000
multi_cta_bulk_mixed_s2g_then_g2s_batched_same_map_128_1,Ventus,mixed_direction,multi_cta,bulk,mixed,s2g_then_g2s,batched,na,128,1,2,1,hot,165,214,165,214,0,0,0,0,14037425093021684951,0,1,not_applicable,0,not_applicable,0x90001000
multi_cta_bulk_mixed_alternating_batched_same_map_128_2,Ventus,mixed_direction,multi_cta,bulk,mixed,alternating,batched,na,128,2,4,0,cold,158,204,160,206,0,0,0,0,8452207768371915711,0,0,not_applicable,0,not_applicable,0x90001000
multi_cta_bulk_mixed_alternating_batched_same_map_128_2,Ventus,mixed_direction,multi_cta,bulk,mixed,alternating,batched,na,128,2,4,1,hot,163,209,165,211,0,0,0,0,8452207768371915711,0,1,not_applicable,0,not_applicable,0x90001000
multi_cta_bulk_mixed_g2s_then_s2g_batched_same_map_128_2,Ventus,mixed_direction,multi_cta,bulk,mixed,g2s_then_s2g,batched,na,128,2,4,0,cold,158,204,160,206,0,0,0,0,8452207768371915711,0,0,not_applicable,0,not_applicable,0x90001000
multi_cta_bulk_mixed_g2s_then_s2g_batched_same_map_128_2,Ventus,mixed_direction,multi_cta,bulk,mixed,g2s_then_s2g,batched,na,128,2,4,1,hot,167,213,169,215,0,0,0,0,8452207768371915711,0,1,not_applicable,0,not_applicable,0x90001000
multi_cta_bulk_mixed_s2g_then_g2s_batched_same_map_128_2,Ventus,mixed_direction,multi_cta,bulk,mixed,s2g_then_g2s,batched,na,128,2,4,0,cold,160,198,165,203,0,0,0,0,8452207768371915711,0,0,not_applicable,0,not_applicable,0x90001000
multi_cta_bulk_mixed_s2g_then_g2s_batched_same_map_128_2,Ventus,mixed_direction,multi_cta,bulk,mixed,s2g_then_g2s,batched,na,128,2,4,1,hot,165,216,170,218,0,0,0,0,8452207768371915711,0,1,not_applicable,0,not_applicable,0x90001000
multi_cta_bulk_mixed_alternating_batched_same_map_128_4,Ventus,mixed_direction,multi_cta,bulk,mixed,alternating,batched,na,128,4,8,0,cold,165,213,242,290,0,0,0,0,9163039423513519779,0,0,not_applicable,0,not_applicable,0x90001000
multi_cta_bulk_mixed_alternating_batched_same_map_128_4,Ventus,mixed_direction,multi_cta,bulk,mixed,alternating,batched,na,128,4,8,1,hot,169,217,262,311,0,0,0,0,9163039423513519779,0,1,not_applicable,0,not_applicable,0x90001000
multi_cta_bulk_mixed_g2s_then_s2g_batched_same_map_128_4,Ventus,mixed_direction,multi_cta,bulk,mixed,g2s_then_s2g,batched,na,128,4,8,0,cold,168,214,231,277,0,0,0,0,9163039423513519779,0,0,not_applicable,0,not_applicable,0x90001000
multi_cta_bulk_mixed_g2s_then_s2g_batched_same_map_128_4,Ventus,mixed_direction,multi_cta,bulk,mixed,g2s_then_s2g,batched,na,128,4,8,1,hot,172,229,246,304,0,0,0,0,9163039423513519779,0,1,not_applicable,0,not_applicable,0x90001000
multi_cta_bulk_mixed_s2g_then_g2s_batched_same_map_128_4,Ventus,mixed_direction,multi_cta,bulk,mixed,s2g_then_g2s,batched,na,128,4,8,0,cold,172,210,253,291,0,0,0,0,9163039423513519779,0,0,not_applicable,0,not_applicable,0x90001000
multi_cta_bulk_mixed_s2g_then_g2s_batched_same_map_128_4,Ventus,mixed_direction,multi_cta,bulk,mixed,s2g_then_g2s,batched,na,128,4,8,1,hot,168,215,266,314,0,0,0,0,9163039423513519779,0,1,not_applicable,0,not_applicable,0x90001000
multi_cta_bulk_mixed_alternating_batched_same_map_128_8,Ventus,mixed_direction,multi_cta,bulk,mixed,alternating,batched,na,128,8,16,0,cold,243,2100,5648,7590,0,0,0,0,15389727227405645571,0,0,not_applicable,0,not_applicable,0x90001000
multi_cta_bulk_mixed_alternating_batched_same_map_128_8,Ventus,mixed_direction,multi_cta,bulk,mixed,alternating,batched,na,128,8,16,1,hot,196,251,7532,7578,0,0,0,0,15389727227405645571,0,1,not_applicable,0,not_applicable,0x90001000
multi_cta_bulk_mixed_g2s_then_s2g_batched_same_map_128_8,Ventus,mixed_direction,multi_cta,bulk,mixed,g2s_then_s2g,batched,na,128,8,16,0,cold,223,2110,5706,7658,0,0,0,0,15389727227405645571,0,0,not_applicable,0,not_applicable,0x90001000
multi_cta_bulk_mixed_g2s_then_s2g_batched_same_map_128_8,Ventus,mixed_direction,multi_cta,bulk,mixed,g2s_then_s2g,batched,na,128,8,16,1,hot,212,1334,7603,7649,0,0,0,0,15389727227405645571,0,1,not_applicable,0,not_applicable,0x90001000
multi_cta_bulk_mixed_s2g_then_g2s_batched_same_map_128_8,Ventus,mixed_direction,multi_cta,bulk,mixed,s2g_then_g2s,batched,na,128,8,16,0,cold,1951,2041,7980,8027,0,0,0,0,15389727227405645571,0,0,not_applicable,0,not_applicable,0x90001000
multi_cta_bulk_mixed_s2g_then_g2s_batched_same_map_128_8,Ventus,mixed_direction,multi_cta,bulk,mixed,s2g_then_g2s,batched,na,128,8,16,1,hot,2552,2599,7977,8024,0,0,0,0,15389727227405645571,0,1,not_applicable,0,not_applicable,0x90001000
multi_cta_bulk_mixed_alternating_batched_same_map_128_16,Ventus,mixed_direction,multi_cta,bulk,mixed,alternating,batched,na,128,16,32,0,cold,1167,1274,18862,18909,0,0,0,0,11559285525127045971,0,0,not_applicable,0,not_applicable,0x90001000
multi_cta_bulk_mixed_alternating_batched_same_map_128_16,Ventus,mixed_direction,multi_cta,bulk,mixed,alternating,batched,na,128,16,32,1,hot,2147,4213,19879,19925,0,0,0,0,11559285525127045971,0,1,not_applicable,0,not_applicable,0x90001000
multi_cta_bulk_mixed_g2s_then_s2g_batched_same_map_128_16,Ventus,mixed_direction,multi_cta,bulk,mixed,g2s_then_s2g,batched,na,128,16,32,0,cold,1080,3117,16678,16737,0,0,0,0,11559285525127045971,0,0,not_applicable,0,not_applicable,0x90001000
multi_cta_bulk_mixed_g2s_then_s2g_batched_same_map_128_16,Ventus,mixed_direction,multi_cta,bulk,mixed,g2s_then_s2g,batched,na,128,16,32,1,hot,2037,2108,16711,16757,0,0,0,0,11559285525127045971,0,1,not_applicable,0,not_applicable,0x90001000
multi_cta_bulk_mixed_s2g_then_g2s_batched_same_map_128_16,Ventus,mixed_direction,multi_cta,bulk,mixed,s2g_then_g2s,batched,na,128,16,32,0,cold,2035,2142,17381,18451,0,0,0,0,11559285525127045971,0,0,not_applicable,0,not_applicable,0x90001000
multi_cta_bulk_mixed_s2g_then_g2s_batched_same_map_128_16,Ventus,mixed_direction,multi_cta,bulk,mixed,s2g_then_g2s,batched,na,128,16,32,1,hot,212,2136,19393,19440,0,0,0,0,11559285525127045971,0,1,not_applicable,0,not_applicable,0x90001000
multi_cta_bulk_mixed_alternating_batched_same_map_4096_1,Ventus,mixed_direction,multi_cta,bulk,mixed,alternating,batched,na,4096,1,2,0,cold,153,344,153,344,0,0,0,0,11589973981090184183,0,0,not_applicable,0,not_applicable,0x90003000
multi_cta_bulk_mixed_alternating_batched_same_map_4096_1,Ventus,mixed_direction,multi_cta,bulk,mixed,alternating,batched,na,4096,1,2,1,hot,161,381,161,381,0,0,0,0,11589973981090184183,0,1,not_applicable,0,not_applicable,0x90003000
multi_cta_bulk_mixed_g2s_then_s2g_batched_same_map_4096_1,Ventus,mixed_direction,multi_cta,bulk,mixed,g2s_then_s2g,batched,na,4096,1,2,0,cold,153,342,153,342,0,0,0,0,11589973981090184183,0,0,not_applicable,0,not_applicable,0x90003000
multi_cta_bulk_mixed_g2s_then_s2g_batched_same_map_4096_1,Ventus,mixed_direction,multi_cta,bulk,mixed,g2s_then_s2g,batched,na,4096,1,2,1,hot,161,378,161,378,0,0,0,0,11589973981090184183,0,1,not_applicable,0,not_applicable,0x90003000
multi_cta_bulk_mixed_s2g_then_g2s_batched_same_map_4096_1,Ventus,mixed_direction,multi_cta,bulk,mixed,s2g_then_g2s,batched,na,4096,1,2,0,cold,153,324,153,324,0,0,0,0,11589973981090184183,0,0,not_applicable,0,not_applicable,0x90003000
multi_cta_bulk_mixed_s2g_then_g2s_batched_same_map_4096_1,Ventus,mixed_direction,multi_cta,bulk,mixed,s2g_then_g2s,batched,na,4096,1,2,1,hot,161,371,161,371,0,0,0,0,11589973981090184183,0,1,not_applicable,0,not_applicable,0x90003000
multi_cta_bulk_mixed_alternating_batched_same_map_4096_2,Ventus,mixed_direction,multi_cta,bulk,mixed,alternating,batched,na,4096,2,4,0,cold,154,519,156,521,0,0,0,0,11147584076014799575,0,0,not_applicable,0,not_applicable,0x90001000
multi_cta_bulk_mixed_alternating_batched_same_map_4096_2,Ventus,mixed_direction,multi_cta,bulk,mixed,alternating,batched,na,4096,2,4,1,hot,222,450,387,615,0,0,0,0,11147584076014799575,0,1,not_applicable,0,not_applicable,0x90001000
multi_cta_bulk_mixed_g2s_then_s2g_batched_same_map_4096_2,Ventus,mixed_direction,multi_cta,bulk,mixed,g2s_then_s2g,batched,na,4096,2,4,0,cold,153,513,155,515,0,0,0,0,11147584076014799575,0,0,not_applicable,0,not_applicable,0x90001000
multi_cta_bulk_mixed_g2s_then_s2g_batched_same_map_4096_2,Ventus,mixed_direction,multi_cta,bulk,mixed,g2s_then_s2g,batched,na,4096,2,4,1,hot,160,464,333,637,0,0,0,0,11147584076014799575,0,1,not_applicable,0,not_applicable,0x90001000
multi_cta_bulk_mixed_s2g_then_g2s_batched_same_map_4096_2,Ventus,mixed_direction,multi_cta,bulk,mixed,s2g_then_g2s,batched,na,4096,2,4,0,cold,153,464,156,467,0,0,0,0,11147584076014799575,0,0,not_applicable,0,not_applicable,0x90001000
multi_cta_bulk_mixed_s2g_then_g2s_batched_same_map_4096_2,Ventus,mixed_direction,multi_cta,bulk,mixed,s2g_then_g2s,batched,na,4096,2,4,1,hot,163,479,224,532,0,0,0,0,11147584076014799575,0,1,not_applicable,0,not_applicable,0x90001000
multi_cta_bulk_mixed_alternating_batched_same_map_4096_4,Ventus,mixed_direction,multi_cta,bulk,mixed,alternating,batched,na,4096,4,8,0,cold,522,1031,663,1172,0,0,0,0,8448878869508621719,0,0,not_applicable,0,not_applicable,0x90001000
multi_cta_bulk_mixed_alternating_batched_same_map_4096_4,Ventus,mixed_direction,multi_cta,bulk,mixed,alternating,batched,na,4096,4,8,1,hot,164,509,1093,1350,0,0,0,0,8448878869508621719,0,1,not_applicable,0,not_applicable,0x90001000
multi_cta_bulk_mixed_g2s_then_s2g_batched_same_map_4096_4,Ventus,mixed_direction,multi_cta,bulk,mixed,g2s_then_s2g,batched,na,4096,4,8,0,cold,538,1016,671,1149,0,0,0,0,8448878869508621719,0,0,not_applicable,0,not_applicable,0x90001000
multi_cta_bulk_mixed_g2s_then_s2g_batched_same_map_4096_4,Ventus,mixed_direction,multi_cta,bulk,mixed,g2s_then_s2g,batched,na,4096,4,8,1,hot,197,537,1085,1326,0,0,0,0,8448878869508621719,0,1,not_applicable,0,not_applicable,0x90001000
multi_cta_bulk_mixed_s2g_then_g2s_batched_same_map_4096_4,Ventus,mixed_direction,multi_cta,bulk,mixed,s2g_then_g2s,batched,na,4096,4,8,0,cold,163,600,689,1134,0,0,0,0,8448878869508621719,0,0,not_applicable,0,not_applicable,0x90001000
multi_cta_bulk_mixed_s2g_then_g2s_batched_same_map_4096_4,Ventus,mixed_direction,multi_cta,bulk,mixed,s2g_then_g2s,batched,na,4096,4,8,1,hot,168,632,1017,1258,0,0,0,0,8448878869508621719,0,1,not_applicable,0,not_applicable,0x90001000
multi_cta_bulk_mixed_alternating_batched_same_map_4096_8,Ventus,mixed_direction,multi_cta,bulk,mixed,alternating,batched,na,4096,8,16,0,cold,237,1372,18349,19562,0,0,0,0,15154536412748816902,0,0,not_applicable,0,not_applicable,0x90001000
multi_cta_bulk_mixed_alternating_batched_same_map_4096_8,Ventus,mixed_direction,multi_cta,bulk,mixed,alternating,batched,na,4096,8,16,1,hot,259,711,19187,19527,0,0,0,0,15154536412748816902,0,1,not_applicable,0,not_applicable,0x90001000
multi_cta_bulk_mixed_g2s_then_s2g_batched_same_map_4096_8,Ventus,mixed_direction,multi_cta,bulk,mixed,g2s_then_s2g,batched,na,4096,8,16,0,cold,397,1114,20592,20811,0,0,0,0,15154536412748816902,0,0,not_applicable,0,not_applicable,0x90001000
multi_cta_bulk_mixed_g2s_then_s2g_batched_same_map_4096_8,Ventus,mixed_direction,multi_cta,bulk,mixed,g2s_then_s2g,batched,na,4096,8,16,1,hot,660,824,20542,20762,0,0,0,0,15154536412748816902,0,1,not_applicable,0,not_applicable,0x90001000
multi_cta_bulk_mixed_s2g_then_g2s_batched_same_map_4096_8,Ventus,mixed_direction,multi_cta,bulk,mixed,s2g_then_g2s,batched,na,4096,8,16,0,cold,222,685,19853,20070,0,0,0,0,15154536412748816902,0,0,not_applicable,0,not_applicable,0x90001000
multi_cta_bulk_mixed_s2g_then_g2s_batched_same_map_4096_8,Ventus,mixed_direction,multi_cta,bulk,mixed,s2g_then_g2s,batched,na,4096,8,16,1,hot,209,547,19775,19986,0,0,0,0,15154536412748816902,0,1,not_applicable,0,not_applicable,0x90001000
multi_cta_bulk_mixed_alternating_batched_same_map_4096_16,Ventus,mixed_direction,multi_cta,bulk,mixed,alternating,batched,na,4096,16,32,0,cold,1191,2528,62625,62847,0,0,0,0,17738104166289770829,0,0,not_applicable,0,not_applicable,0x90001000
multi_cta_bulk_mixed_alternating_batched_same_map_4096_16,Ventus,mixed_direction,multi_cta,bulk,mixed,alternating,batched,na,4096,16,32,1,hot,405,676,62746,62963,0,0,0,0,17738104166289770829,0,1,not_applicable,0,not_applicable,0x90001000
multi_cta_bulk_mixed_g2s_then_s2g_batched_same_map_4096_16,Ventus,mixed_direction,multi_cta,bulk,mixed,g2s_then_s2g,batched,na,4096,16,32,0,cold,193,623,49977,50218,0,0,0,0,17738104166289770829,0,0,not_applicable,0,not_applicable,0x90001000
multi_cta_bulk_mixed_g2s_then_s2g_batched_same_map_4096_16,Ventus,mixed_direction,multi_cta,bulk,mixed,g2s_then_s2g,batched,na,4096,16,32,1,hot,212,1426,49946,50166,0,0,0,0,17738104166289770829,0,1,not_applicable,0,not_applicable,0x90001000
multi_cta_bulk_mixed_s2g_then_g2s_batched_same_map_4096_16,Ventus,mixed_direction,multi_cta,bulk,mixed,s2g_then_g2s,batched,na,4096,16,32,0,cold,183,1694,70451,70784,0,0,0,0,17738104166289770829,0,0,not_applicable,0,not_applicable,0x90001000
multi_cta_bulk_mixed_s2g_then_g2s_batched_same_map_4096_16,Ventus,mixed_direction,multi_cta,bulk,mixed,s2g_then_g2s,batched,na,4096,16,32,1,hot,191,1441,70576,70784,0,0,0,0,17738104166289770829,0,1,not_applicable,0,not_applicable,0x90001000
