device,suite_id,suite_version,run_id,case_id,project,level,path,direction,order,mode,map_mode,bytes,contexts,required_local_bytes,available_local_bytes,classification,reason
ventus,multi_context.mixed_direction,v3,20260803T103017Z__v3__e1a866548aad,intra_cta_tensor_mixed_alternating_serial_same_map_128_2,mixed,intra_cta,tensor,mixed,alternating,serial,same_map,128,2,782,65536,resource_limit,"current Ventus compiler emits private spill for the mixed capture kernel, but RTL simulation does not back the PDS spill page"
ventus,multi_context.mixed_direction,v3,20260803T103017Z__v3__e1a866548aad,intra_cta_tensor_mixed_alternating_batched_same_map_128_2,mixed,intra_cta,tensor,mixed,alternating,batched,same_map,128,2,782,65536,resource_limit,"current Ventus compiler emits private spill for the mixed capture kernel, but RTL simulation does not back the PDS spill page"
ventus,multi_context.mixed_direction,v3,20260803T103017Z__v3__e1a866548aad,intra_cta_tensor_mixed_g2s_then_s2g_serial_same_map_128_2,mixed,intra_cta,tensor,mixed,g2s_then_s2g,serial,same_map,128,2,782,65536,resource_limit,"current Ventus compiler emits private spill for the mixed capture kernel, but RTL simulation does not back the PDS spill page"
ventus,multi_context.mixed_direction,v3,20260803T103017Z__v3__e1a866548aad,intra_cta_tensor_mixed_g2s_then_s2g_batched_same_map_128_2,mixed,intra_cta,tensor,mixed,g2s_then_s2g,batched,same_map,128,2,782,65536,resource_limit,"current Ventus compiler emits private spill for the mixed capture kernel, but RTL simulation does not back the PDS spill page"
ventus,multi_context.mixed_direction,v3,20260803T103017Z__v3__e1a866548aad,intra_cta_tensor_mixed_s2g_then_g2s_serial_same_map_128_2,mixed,intra_cta,tensor,mixed,s2g_then_g2s,serial,same_map,128,2,782,65536,resource_limit,"current Ventus compiler emits private spill for the mixed capture kernel, but RTL simulation does not back the PDS spill page"
ventus,multi_context.mixed_direction,v3,20260803T103017Z__v3__e1a866548aad,intra_cta_tensor_mixed_s2g_then_g2s_batched_same_map_128_2,mixed,intra_cta,tensor,mixed,s2g_then_g2s,batched,same_map,128,2,782,65536,resource_limit,"current Ventus compiler emits private spill for the mixed capture kernel, but RTL simulation does not back the PDS spill page"
ventus,multi_context.mixed_direction,v3,20260803T103017Z__v3__e1a866548aad,intra_cta_tensor_mixed_alternating_serial_distinct_map_128_2,mixed,intra_cta,tensor,mixed,alternating,serial,distinct_map,128,2,782,65536,resource_limit,"current Ventus compiler emits private spill for the mixed capture kernel, but RTL simulation does not back the PDS spill page"
ventus,multi_context.mixed_direction,v3,20260803T103017Z__v3__e1a866548aad,intra_cta_tensor_mixed_alternating_batched_distinct_map_128_2,mixed,intra_cta,tensor,mixed,alternating,batched,distinct_map,128,2,782,65536,resource_limit,"current Ventus compiler emits private spill for the mixed capture kernel, but RTL simulation does not back the PDS spill page"
ventus,multi_context.mixed_direction,v3,20260803T103017Z__v3__e1a866548aad,intra_cta_tensor_mixed_g2s_then_s2g_serial_distinct_map_128_2,mixed,intra_cta,tensor,mixed,g2s_then_s2g,serial,distinct_map,128,2,782,65536,resource_limit,"current Ventus compiler emits private spill for the mixed capture kernel, but RTL simulation does not back the PDS spill page"
ventus,multi_context.mixed_direction,v3,20260803T103017Z__v3__e1a866548aad,intra_cta_tensor_mixed_g2s_then_s2g_batched_distinct_map_128_2,mixed,intra_cta,tensor,mixed,g2s_then_s2g,batched,distinct_map,128,2,782,65536,resource_limit,"current Ventus compiler emits private spill for the mixed capture kernel, but RTL simulation does not back the PDS spill page"
ventus,multi_context.mixed_direction,v3,20260803T103017Z__v3__e1a866548aad,intra_cta_tensor_mixed_s2g_then_g2s_serial_distinct_map_128_2,mixed,intra_cta,tensor,mixed,s2g_then_g2s,serial,distinct_map,128,2,782,65536,resource_limit,"current Ventus compiler emits private spill for the mixed capture kernel, but RTL simulation does not back the PDS spill page"
ventus,multi_context.mixed_direction,v3,20260803T103017Z__v3__e1a866548aad,intra_cta_tensor_mixed_s2g_then_g2s_batched_distinct_map_128_2,mixed,intra_cta,tensor,mixed,s2g_then_g2s,batched,distinct_map,128,2,782,65536,resource_limit,"current Ventus compiler emits private spill for the mixed capture kernel, but RTL simulation does not back the PDS spill page"
ventus,multi_context.mixed_direction,v3,20260803T103017Z__v3__e1a866548aad,intra_cta_tensor_mixed_alternating_serial_same_map_128_4,mixed,intra_cta,tensor,mixed,alternating,serial,same_map,128,4,1310,65536,resource_limit,"current Ventus compiler emits private spill for the mixed capture kernel, but RTL simulation does not back the PDS spill page"
ventus,multi_context.mixed_direction,v3,20260803T103017Z__v3__e1a866548aad,intra_cta_tensor_mixed_alternating_batched_same_map_128_4,mixed,intra_cta,tensor,mixed,alternating,batched,same_map,128,4,1310,65536,resource_limit,"current Ventus compiler emits private spill for the mixed capture kernel, but RTL simulation does not back the PDS spill page"
ventus,multi_context.mixed_direction,v3,20260803T103017Z__v3__e1a866548aad,intra_cta_tensor_mixed_g2s_then_s2g_serial_same_map_128_4,mixed,intra_cta,tensor,mixed,g2s_then_s2g,serial,same_map,128,4,1310,65536,resource_limit,"current Ventus compiler emits private spill for the mixed capture kernel, but RTL simulation does not back the PDS spill page"
ventus,multi_context.mixed_direction,v3,20260803T103017Z__v3__e1a866548aad,intra_cta_tensor_mixed_g2s_then_s2g_batched_same_map_128_4,mixed,intra_cta,tensor,mixed,g2s_then_s2g,batched,same_map,128,4,1310,65536,resource_limit,"current Ventus compiler emits private spill for the mixed capture kernel, but RTL simulation does not back the PDS spill page"
ventus,multi_context.mixed_direction,v3,20260803T103017Z__v3__e1a866548aad,intra_cta_tensor_mixed_s2g_then_g2s_serial_same_map_128_4,mixed,intra_cta,tensor,mixed,s2g_then_g2s,serial,same_map,128,4,1310,65536,resource_limit,"current Ventus compiler emits private spill for the mixed capture kernel, but RTL simulation does not back the PDS spill page"
ventus,multi_context.mixed_direction,v3,20260803T103017Z__v3__e1a866548aad,intra_cta_tensor_mixed_s2g_then_g2s_batched_same_map_128_4,mixed,intra_cta,tensor,mixed,s2g_then_g2s,batched,same_map,128,4,1310,65536,resource_limit,"current Ventus compiler emits private spill for the mixed capture kernel, but RTL simulation does not back the PDS spill page"
ventus,multi_context.mixed_direction,v3,20260803T103017Z__v3__e1a866548aad,intra_cta_tensor_mixed_alternating_serial_distinct_map_128_4,mixed,intra_cta,tensor,mixed,alternating,serial,distinct_map,128,4,1310,65536,resource_limit,"current Ventus compiler emits private spill for the mixed capture kernel, but RTL simulation does not back the PDS spill page"
ventus,multi_context.mixed_direction,v3,20260803T103017Z__v3__e1a866548aad,intra_cta_tensor_mixed_alternating_batched_distinct_map_128_4,mixed,intra_cta,tensor,mixed,alternating,batched,distinct_map,128,4,1310,65536,resource_limit,"current Ventus compiler emits private spill for the mixed capture kernel, but RTL simulation does not back the PDS spill page"
ventus,multi_context.mixed_direction,v3,20260803T103017Z__v3__e1a866548aad,intra_cta_tensor_mixed_g2s_then_s2g_serial_distinct_map_128_4,mixed,intra_cta,tensor,mixed,g2s_then_s2g,serial,distinct_map,128,4,1310,65536,resource_limit,"current Ventus compiler emits private spill for the mixed capture kernel, but RTL simulation does not back the PDS spill page"
ventus,multi_context.mixed_direction,v3,20260803T103017Z__v3__e1a866548aad,intra_cta_tensor_mixed_g2s_then_s2g_batched_distinct_map_128_4,mixed,intra_cta,tensor,mixed,g2s_then_s2g,batched,distinct_map,128,4,1310,65536,resource_limit,"current Ventus compiler emits private spill for the mixed capture kernel, but RTL simulation does not back the PDS spill page"
ventus,multi_context.mixed_direction,v3,20260803T103017Z__v3__e1a866548aad,intra_cta_tensor_mixed_s2g_then_g2s_serial_distinct_map_128_4,mixed,intra_cta,tensor,mixed,s2g_then_g2s,serial,distinct_map,128,4,1310,65536,resource_limit,"current Ventus compiler emits private spill for the mixed capture kernel, but RTL simulation does not back the PDS spill page"
ventus,multi_context.mixed_direction,v3,20260803T103017Z__v3__e1a866548aad,intra_cta_tensor_mixed_s2g_then_g2s_batched_distinct_map_128_4,mixed,intra_cta,tensor,mixed,s2g_then_g2s,batched,distinct_map,128,4,1310,65536,resource_limit,"current Ventus compiler emits private spill for the mixed capture kernel, but RTL simulation does not back the PDS spill page"
ventus,multi_context.mixed_direction,v3,20260803T103017Z__v3__e1a866548aad,intra_cta_tensor_mixed_alternating_serial_same_map_128_8,mixed,intra_cta,tensor,mixed,alternating,serial,same_map,128,8,2366,65536,resource_limit,"four mbarrier table entries are statically assigned per resident WG; current Ventus compiler emits private spill for the mixed capture kernel, but RTL simulation does not back the PDS spill page"
ventus,multi_context.mixed_direction,v3,20260803T103017Z__v3__e1a866548aad,intra_cta_tensor_mixed_alternating_batched_same_map_128_8,mixed,intra_cta,tensor,mixed,alternating,batched,same_map,128,8,2366,65536,resource_limit,"four mbarrier table entries are statically assigned per resident WG; current Ventus compiler emits private spill for the mixed capture kernel, but RTL simulation does not back the PDS spill page"
ventus,multi_context.mixed_direction,v3,20260803T103017Z__v3__e1a866548aad,intra_cta_tensor_mixed_g2s_then_s2g_serial_same_map_128_8,mixed,intra_cta,tensor,mixed,g2s_then_s2g,serial,same_map,128,8,2366,65536,resource_limit,"four mbarrier table entries are statically assigned per resident WG; current Ventus compiler emits private spill for the mixed capture kernel, but RTL simulation does not back the PDS spill page"
ventus,multi_context.mixed_direction,v3,20260803T103017Z__v3__e1a866548aad,intra_cta_tensor_mixed_g2s_then_s2g_batched_same_map_128_8,mixed,intra_cta,tensor,mixed,g2s_then_s2g,batched,same_map,128,8,2366,65536,resource_limit,"four mbarrier table entries are statically assigned per resident WG; current Ventus compiler emits private spill for the mixed capture kernel, but RTL simulation does not back the PDS spill page"
ventus,multi_context.mixed_direction,v3,20260803T103017Z__v3__e1a866548aad,intra_cta_tensor_mixed_s2g_then_g2s_serial_same_map_128_8,mixed,intra_cta,tensor,mixed,s2g_then_g2s,serial,same_map,128,8,2366,65536,resource_limit,"four mbarrier table entries are statically assigned per resident WG; current Ventus compiler emits private spill for the mixed capture kernel, but RTL simulation does not back the PDS spill page"
ventus,multi_context.mixed_direction,v3,20260803T103017Z__v3__e1a866548aad,intra_cta_tensor_mixed_s2g_then_g2s_batched_same_map_128_8,mixed,intra_cta,tensor,mixed,s2g_then_g2s,batched,same_map,128,8,2366,65536,resource_limit,"four mbarrier table entries are statically assigned per resident WG; current Ventus compiler emits private spill for the mixed capture kernel, but RTL simulation does not back the PDS spill page"
ventus,multi_context.mixed_direction,v3,20260803T103017Z__v3__e1a866548aad,intra_cta_tensor_mixed_alternating_serial_distinct_map_128_8,mixed,intra_cta,tensor,mixed,alternating,serial,distinct_map,128,8,2366,65536,resource_limit,"four mbarrier table entries are statically assigned per resident WG; current Ventus compiler emits private spill for the mixed capture kernel, but RTL simulation does not back the PDS spill page"
ventus,multi_context.mixed_direction,v3,20260803T103017Z__v3__e1a866548aad,intra_cta_tensor_mixed_alternating_batched_distinct_map_128_8,mixed,intra_cta,tensor,mixed,alternating,batched,distinct_map,128,8,2366,65536,resource_limit,"four mbarrier table entries are statically assigned per resident WG; current Ventus compiler emits private spill for the mixed capture kernel, but RTL simulation does not back the PDS spill page"
ventus,multi_context.mixed_direction,v3,20260803T103017Z__v3__e1a866548aad,intra_cta_tensor_mixed_g2s_then_s2g_serial_distinct_map_128_8,mixed,intra_cta,tensor,mixed,g2s_then_s2g,serial,distinct_map,128,8,2366,65536,resource_limit,"four mbarrier table entries are statically assigned per resident WG; current Ventus compiler emits private spill for the mixed capture kernel, but RTL simulation does not back the PDS spill page"
ventus,multi_context.mixed_direction,v3,20260803T103017Z__v3__e1a866548aad,intra_cta_tensor_mixed_g2s_then_s2g_batched_distinct_map_128_8,mixed,intra_cta,tensor,mixed,g2s_then_s2g,batched,distinct_map,128,8,2366,65536,resource_limit,"four mbarrier table entries are statically assigned per resident WG; current Ventus compiler emits private spill for the mixed capture kernel, but RTL simulation does not back the PDS spill page"
ventus,multi_context.mixed_direction,v3,20260803T103017Z__v3__e1a866548aad,intra_cta_tensor_mixed_s2g_then_g2s_serial_distinct_map_128_8,mixed,intra_cta,tensor,mixed,s2g_then_g2s,serial,distinct_map,128,8,2366,65536,resource_limit,"four mbarrier table entries are statically assigned per resident WG; current Ventus compiler emits private spill for the mixed capture kernel, but RTL simulation does not back the PDS spill page"
ventus,multi_context.mixed_direction,v3,20260803T103017Z__v3__e1a866548aad,intra_cta_tensor_mixed_s2g_then_g2s_batched_distinct_map_128_8,mixed,intra_cta,tensor,mixed,s2g_then_g2s,batched,distinct_map,128,8,2366,65536,resource_limit,"four mbarrier table entries are statically assigned per resident WG; current Ventus compiler emits private spill for the mixed capture kernel, but RTL simulation does not back the PDS spill page"
ventus,multi_context.mixed_direction,v3,20260803T103017Z__v3__e1a866548aad,intra_cta_tensor_mixed_alternating_serial_same_map_128_16,mixed,intra_cta,tensor,mixed,alternating,serial,same_map,128,16,4478,65536,resource_limit,"four mbarrier table entries are statically assigned per resident WG; current Ventus compiler emits private spill for the mixed capture kernel, but RTL simulation does not back the PDS spill page"
ventus,multi_context.mixed_direction,v3,20260803T103017Z__v3__e1a866548aad,intra_cta_tensor_mixed_alternating_batched_same_map_128_16,mixed,intra_cta,tensor,mixed,alternating,batched,same_map,128,16,4478,65536,resource_limit,"four mbarrier table entries are statically assigned per resident WG; current Ventus compiler emits private spill for the mixed capture kernel, but RTL simulation does not back the PDS spill page"
ventus,multi_context.mixed_direction,v3,20260803T103017Z__v3__e1a866548aad,intra_cta_tensor_mixed_g2s_then_s2g_serial_same_map_128_16,mixed,intra_cta,tensor,mixed,g2s_then_s2g,serial,same_map,128,16,4478,65536,resource_limit,"four mbarrier table entries are statically assigned per resident WG; current Ventus compiler emits private spill for the mixed capture kernel, but RTL simulation does not back the PDS spill page"
ventus,multi_context.mixed_direction,v3,20260803T103017Z__v3__e1a866548aad,intra_cta_tensor_mixed_g2s_then_s2g_batched_same_map_128_16,mixed,intra_cta,tensor,mixed,g2s_then_s2g,batched,same_map,128,16,4478,65536,resource_limit,"four mbarrier table entries are statically assigned per resident WG; current Ventus compiler emits private spill for the mixed capture kernel, but RTL simulation does not back the PDS spill page"
ventus,multi_context.mixed_direction,v3,20260803T103017Z__v3__e1a866548aad,intra_cta_tensor_mixed_s2g_then_g2s_serial_same_map_128_16,mixed,intra_cta,tensor,mixed,s2g_then_g2s,serial,same_map,128,16,4478,65536,resource_limit,"four mbarrier table entries are statically assigned per resident WG; current Ventus compiler emits private spill for the mixed capture kernel, but RTL simulation does not back the PDS spill page"
ventus,multi_context.mixed_direction,v3,20260803T103017Z__v3__e1a866548aad,intra_cta_tensor_mixed_s2g_then_g2s_batched_same_map_128_16,mixed,intra_cta,tensor,mixed,s2g_then_g2s,batched,same_map,128,16,4478,65536,resource_limit,"four mbarrier table entries are statically assigned per resident WG; current Ventus compiler emits private spill for the mixed capture kernel, but RTL simulation does not back the PDS spill page"
ventus,multi_context.mixed_direction,v3,20260803T103017Z__v3__e1a866548aad,intra_cta_tensor_mixed_alternating_serial_distinct_map_128_16,mixed,intra_cta,tensor,mixed,alternating,serial,distinct_map,128,16,4478,65536,resource_limit,"four mbarrier table entries are statically assigned per resident WG; current Ventus compiler emits private spill for the mixed capture kernel, but RTL simulation does not back the PDS spill page"
ventus,multi_context.mixed_direction,v3,20260803T103017Z__v3__e1a866548aad,intra_cta_tensor_mixed_alternating_batched_distinct_map_128_16,mixed,intra_cta,tensor,mixed,alternating,batched,distinct_map,128,16,4478,65536,resource_limit,"four mbarrier table entries are statically assigned per resident WG; current Ventus compiler emits private spill for the mixed capture kernel, but RTL simulation does not back the PDS spill page"
ventus,multi_context.mixed_direction,v3,20260803T103017Z__v3__e1a866548aad,intra_cta_tensor_mixed_g2s_then_s2g_serial_distinct_map_128_16,mixed,intra_cta,tensor,mixed,g2s_then_s2g,serial,distinct_map,128,16,4478,65536,resource_limit,"four mbarrier table entries are statically assigned per resident WG; current Ventus compiler emits private spill for the mixed capture kernel, but RTL simulation does not back the PDS spill page"
ventus,multi_context.mixed_direction,v3,20260803T103017Z__v3__e1a866548aad,intra_cta_tensor_mixed_g2s_then_s2g_batched_distinct_map_128_16,mixed,intra_cta,tensor,mixed,g2s_then_s2g,batched,distinct_map,128,16,4478,65536,resource_limit,"four mbarrier table entries are statically assigned per resident WG; current Ventus compiler emits private spill for the mixed capture kernel, but RTL simulation does not back the PDS spill page"
ventus,multi_context.mixed_direction,v3,20260803T103017Z__v3__e1a866548aad,intra_cta_tensor_mixed_s2g_then_g2s_serial_distinct_map_128_16,mixed,intra_cta,tensor,mixed,s2g_then_g2s,serial,distinct_map,128,16,4478,65536,resource_limit,"four mbarrier table entries are statically assigned per resident WG; current Ventus compiler emits private spill for the mixed capture kernel, but RTL simulation does not back the PDS spill page"
ventus,multi_context.mixed_direction,v3,20260803T103017Z__v3__e1a866548aad,intra_cta_tensor_mixed_s2g_then_g2s_batched_distinct_map_128_16,mixed,intra_cta,tensor,mixed,s2g_then_g2s,batched,distinct_map,128,16,4478,65536,resource_limit,"four mbarrier table entries are statically assigned per resident WG; current Ventus compiler emits private spill for the mixed capture kernel, but RTL simulation does not back the PDS spill page"
ventus,multi_context.mixed_direction,v3,20260803T103017Z__v3__e1a866548aad,intra_cta_tensor_mixed_alternating_serial_same_map_4096_2,mixed,intra_cta,tensor,mixed,alternating,serial,same_map,4096,2,16654,65536,resource_limit,"current Ventus compiler emits private spill for the mixed capture kernel, but RTL simulation does not back the PDS spill page"
ventus,multi_context.mixed_direction,v3,20260803T103017Z__v3__e1a866548aad,intra_cta_tensor_mixed_alternating_batched_same_map_4096_2,mixed,intra_cta,tensor,mixed,alternating,batched,same_map,4096,2,16654,65536,resource_limit,"current Ventus compiler emits private spill for the mixed capture kernel, but RTL simulation does not back the PDS spill page"
ventus,multi_context.mixed_direction,v3,20260803T103017Z__v3__e1a866548aad,intra_cta_tensor_mixed_g2s_then_s2g_serial_same_map_4096_2,mixed,intra_cta,tensor,mixed,g2s_then_s2g,serial,same_map,4096,2,16654,65536,resource_limit,"current Ventus compiler emits private spill for the mixed capture kernel, but RTL simulation does not back the PDS spill page"
ventus,multi_context.mixed_direction,v3,20260803T103017Z__v3__e1a866548aad,intra_cta_tensor_mixed_g2s_then_s2g_batched_same_map_4096_2,mixed,intra_cta,tensor,mixed,g2s_then_s2g,batched,same_map,4096,2,16654,65536,resource_limit,"current Ventus compiler emits private spill for the mixed capture kernel, but RTL simulation does not back the PDS spill page"
ventus,multi_context.mixed_direction,v3,20260803T103017Z__v3__e1a866548aad,intra_cta_tensor_mixed_s2g_then_g2s_serial_same_map_4096_2,mixed,intra_cta,tensor,mixed,s2g_then_g2s,serial,same_map,4096,2,16654,65536,resource_limit,"current Ventus compiler emits private spill for the mixed capture kernel, but RTL simulation does not back the PDS spill page"
ventus,multi_context.mixed_direction,v3,20260803T103017Z__v3__e1a866548aad,intra_cta_tensor_mixed_s2g_then_g2s_batched_same_map_4096_2,mixed,intra_cta,tensor,mixed,s2g_then_g2s,batched,same_map,4096,2,16654,65536,resource_limit,"current Ventus compiler emits private spill for the mixed capture kernel, but RTL simulation does not back the PDS spill page"
ventus,multi_context.mixed_direction,v3,20260803T103017Z__v3__e1a866548aad,intra_cta_tensor_mixed_alternating_serial_distinct_map_4096_2,mixed,intra_cta,tensor,mixed,alternating,serial,distinct_map,4096,2,16654,65536,resource_limit,"current Ventus compiler emits private spill for the mixed capture kernel, but RTL simulation does not back the PDS spill page"
ventus,multi_context.mixed_direction,v3,20260803T103017Z__v3__e1a866548aad,intra_cta_tensor_mixed_alternating_batched_distinct_map_4096_2,mixed,intra_cta,tensor,mixed,alternating,batched,distinct_map,4096,2,16654,65536,resource_limit,"current Ventus compiler emits private spill for the mixed capture kernel, but RTL simulation does not back the PDS spill page"
ventus,multi_context.mixed_direction,v3,20260803T103017Z__v3__e1a866548aad,intra_cta_tensor_mixed_g2s_then_s2g_serial_distinct_map_4096_2,mixed,intra_cta,tensor,mixed,g2s_then_s2g,serial,distinct_map,4096,2,16654,65536,resource_limit,"current Ventus compiler emits private spill for the mixed capture kernel, but RTL simulation does not back the PDS spill page"
ventus,multi_context.mixed_direction,v3,20260803T103017Z__v3__e1a866548aad,intra_cta_tensor_mixed_g2s_then_s2g_batched_distinct_map_4096_2,mixed,intra_cta,tensor,mixed,g2s_then_s2g,batched,distinct_map,4096,2,16654,65536,resource_limit,"current Ventus compiler emits private spill for the mixed capture kernel, but RTL simulation does not back the PDS spill page"
ventus,multi_context.mixed_direction,v3,20260803T103017Z__v3__e1a866548aad,intra_cta_tensor_mixed_s2g_then_g2s_serial_distinct_map_4096_2,mixed,intra_cta,tensor,mixed,s2g_then_g2s,serial,distinct_map,4096,2,16654,65536,resource_limit,"current Ventus compiler emits private spill for the mixed capture kernel, but RTL simulation does not back the PDS spill page"
ventus,multi_context.mixed_direction,v3,20260803T103017Z__v3__e1a866548aad,intra_cta_tensor_mixed_s2g_then_g2s_batched_distinct_map_4096_2,mixed,intra_cta,tensor,mixed,s2g_then_g2s,batched,distinct_map,4096,2,16654,65536,resource_limit,"current Ventus compiler emits private spill for the mixed capture kernel, but RTL simulation does not back the PDS spill page"
ventus,multi_context.mixed_direction,v3,20260803T103017Z__v3__e1a866548aad,intra_cta_tensor_mixed_alternating_serial_same_map_4096_4,mixed,intra_cta,tensor,mixed,alternating,serial,same_map,4096,4,33054,65536,resource_limit,"current Ventus compiler emits private spill for the mixed capture kernel, but RTL simulation does not back the PDS spill page"
ventus,multi_context.mixed_direction,v3,20260803T103017Z__v3__e1a866548aad,intra_cta_tensor_mixed_alternating_batched_same_map_4096_4,mixed,intra_cta,tensor,mixed,alternating,batched,same_map,4096,4,33054,65536,resource_limit,"current Ventus compiler emits private spill for the mixed capture kernel, but RTL simulation does not back the PDS spill page"
ventus,multi_context.mixed_direction,v3,20260803T103017Z__v3__e1a866548aad,intra_cta_tensor_mixed_g2s_then_s2g_serial_same_map_4096_4,mixed,intra_cta,tensor,mixed,g2s_then_s2g,serial,same_map,4096,4,33054,65536,resource_limit,"current Ventus compiler emits private spill for the mixed capture kernel, but RTL simulation does not back the PDS spill page"
ventus,multi_context.mixed_direction,v3,20260803T103017Z__v3__e1a866548aad,intra_cta_tensor_mixed_g2s_then_s2g_batched_same_map_4096_4,mixed,intra_cta,tensor,mixed,g2s_then_s2g,batched,same_map,4096,4,33054,65536,resource_limit,"current Ventus compiler emits private spill for the mixed capture kernel, but RTL simulation does not back the PDS spill page"
ventus,multi_context.mixed_direction,v3,20260803T103017Z__v3__e1a866548aad,intra_cta_tensor_mixed_s2g_then_g2s_serial_same_map_4096_4,mixed,intra_cta,tensor,mixed,s2g_then_g2s,serial,same_map,4096,4,33054,65536,resource_limit,"current Ventus compiler emits private spill for the mixed capture kernel, but RTL simulation does not back the PDS spill page"
ventus,multi_context.mixed_direction,v3,20260803T103017Z__v3__e1a866548aad,intra_cta_tensor_mixed_s2g_then_g2s_batched_same_map_4096_4,mixed,intra_cta,tensor,mixed,s2g_then_g2s,batched,same_map,4096,4,33054,65536,resource_limit,"current Ventus compiler emits private spill for the mixed capture kernel, but RTL simulation does not back the PDS spill page"
ventus,multi_context.mixed_direction,v3,20260803T103017Z__v3__e1a866548aad,intra_cta_tensor_mixed_alternating_serial_distinct_map_4096_4,mixed,intra_cta,tensor,mixed,alternating,serial,distinct_map,4096,4,33054,65536,resource_limit,"current Ventus compiler emits private spill for the mixed capture kernel, but RTL simulation does not back the PDS spill page"
ventus,multi_context.mixed_direction,v3,20260803T103017Z__v3__e1a866548aad,intra_cta_tensor_mixed_alternating_batched_distinct_map_4096_4,mixed,intra_cta,tensor,mixed,alternating,batched,distinct_map,4096,4,33054,65536,resource_limit,"current Ventus compiler emits private spill for the mixed capture kernel, but RTL simulation does not back the PDS spill page"
ventus,multi_context.mixed_direction,v3,20260803T103017Z__v3__e1a866548aad,intra_cta_tensor_mixed_g2s_then_s2g_serial_distinct_map_4096_4,mixed,intra_cta,tensor,mixed,g2s_then_s2g,serial,distinct_map,4096,4,33054,65536,resource_limit,"current Ventus compiler emits private spill for the mixed capture kernel, but RTL simulation does not back the PDS spill page"
ventus,multi_context.mixed_direction,v3,20260803T103017Z__v3__e1a866548aad,intra_cta_tensor_mixed_g2s_then_s2g_batched_distinct_map_4096_4,mixed,intra_cta,tensor,mixed,g2s_then_s2g,batched,distinct_map,4096,4,33054,65536,resource_limit,"current Ventus compiler emits private spill for the mixed capture kernel, but RTL simulation does not back the PDS spill page"
ventus,multi_context.mixed_direction,v3,20260803T103017Z__v3__e1a866548aad,intra_cta_tensor_mixed_s2g_then_g2s_serial_distinct_map_4096_4,mixed,intra_cta,tensor,mixed,s2g_then_g2s,serial,distinct_map,4096,4,33054,65536,resource_limit,"current Ventus compiler emits private spill for the mixed capture kernel, but RTL simulation does not back the PDS spill page"
ventus,multi_context.mixed_direction,v3,20260803T103017Z__v3__e1a866548aad,intra_cta_tensor_mixed_s2g_then_g2s_batched_distinct_map_4096_4,mixed,intra_cta,tensor,mixed,s2g_then_g2s,batched,distinct_map,4096,4,33054,65536,resource_limit,"current Ventus compiler emits private spill for the mixed capture kernel, but RTL simulation does not back the PDS spill page"
ventus,multi_context.mixed_direction,v3,20260803T103017Z__v3__e1a866548aad,intra_cta_tensor_mixed_alternating_serial_same_map_4096_8,mixed,intra_cta,tensor,mixed,alternating,serial,same_map,4096,8,65854,65536,resource_limit,"independent shared regions exceed the 64 KiB Ventus LDS; four mbarrier table entries are statically assigned per resident WG; current Ventus compiler emits private spill for the mixed capture kernel, but RTL simulation does not back the PDS spill page"
ventus,multi_context.mixed_direction,v3,20260803T103017Z__v3__e1a866548aad,intra_cta_tensor_mixed_alternating_batched_same_map_4096_8,mixed,intra_cta,tensor,mixed,alternating,batched,same_map,4096,8,65854,65536,resource_limit,"independent shared regions exceed the 64 KiB Ventus LDS; four mbarrier table entries are statically assigned per resident WG; current Ventus compiler emits private spill for the mixed capture kernel, but RTL simulation does not back the PDS spill page"
ventus,multi_context.mixed_direction,v3,20260803T103017Z__v3__e1a866548aad,intra_cta_tensor_mixed_g2s_then_s2g_serial_same_map_4096_8,mixed,intra_cta,tensor,mixed,g2s_then_s2g,serial,same_map,4096,8,65854,65536,resource_limit,"independent shared regions exceed the 64 KiB Ventus LDS; four mbarrier table entries are statically assigned per resident WG; current Ventus compiler emits private spill for the mixed capture kernel, but RTL simulation does not back the PDS spill page"
ventus,multi_context.mixed_direction,v3,20260803T103017Z__v3__e1a866548aad,intra_cta_tensor_mixed_g2s_then_s2g_batched_same_map_4096_8,mixed,intra_cta,tensor,mixed,g2s_then_s2g,batched,same_map,4096,8,65854,65536,resource_limit,"independent shared regions exceed the 64 KiB Ventus LDS; four mbarrier table entries are statically assigned per resident WG; current Ventus compiler emits private spill for the mixed capture kernel, but RTL simulation does not back the PDS spill page"
ventus,multi_context.mixed_direction,v3,20260803T103017Z__v3__e1a866548aad,intra_cta_tensor_mixed_s2g_then_g2s_serial_same_map_4096_8,mixed,intra_cta,tensor,mixed,s2g_then_g2s,serial,same_map,4096,8,65854,65536,resource_limit,"independent shared regions exceed the 64 KiB Ventus LDS; four mbarrier table entries are statically assigned per resident WG; current Ventus compiler emits private spill for the mixed capture kernel, but RTL simulation does not back the PDS spill page"
ventus,multi_context.mixed_direction,v3,20260803T103017Z__v3__e1a866548aad,intra_cta_tensor_mixed_s2g_then_g2s_batched_same_map_4096_8,mixed,intra_cta,tensor,mixed,s2g_then_g2s,batched,same_map,4096,8,65854,65536,resource_limit,"independent shared regions exceed the 64 KiB Ventus LDS; four mbarrier table entries are statically assigned per resident WG; current Ventus compiler emits private spill for the mixed capture kernel, but RTL simulation does not back the PDS spill page"
ventus,multi_context.mixed_direction,v3,20260803T103017Z__v3__e1a866548aad,intra_cta_tensor_mixed_alternating_serial_distinct_map_4096_8,mixed,intra_cta,tensor,mixed,alternating,serial,distinct_map,4096,8,65854,65536,resource_limit,"independent shared regions exceed the 64 KiB Ventus LDS; four mbarrier table entries are statically assigned per resident WG; current Ventus compiler emits private spill for the mixed capture kernel, but RTL simulation does not back the PDS spill page"
ventus,multi_context.mixed_direction,v3,20260803T103017Z__v3__e1a866548aad,intra_cta_tensor_mixed_alternating_batched_distinct_map_4096_8,mixed,intra_cta,tensor,mixed,alternating,batched,distinct_map,4096,8,65854,65536,resource_limit,"independent shared regions exceed the 64 KiB Ventus LDS; four mbarrier table entries are statically assigned per resident WG; current Ventus compiler emits private spill for the mixed capture kernel, but RTL simulation does not back the PDS spill page"
ventus,multi_context.mixed_direction,v3,20260803T103017Z__v3__e1a866548aad,intra_cta_tensor_mixed_g2s_then_s2g_serial_distinct_map_4096_8,mixed,intra_cta,tensor,mixed,g2s_then_s2g,serial,distinct_map,4096,8,65854,65536,resource_limit,"independent shared regions exceed the 64 KiB Ventus LDS; four mbarrier table entries are statically assigned per resident WG; current Ventus compiler emits private spill for the mixed capture kernel, but RTL simulation does not back the PDS spill page"
ventus,multi_context.mixed_direction,v3,20260803T103017Z__v3__e1a866548aad,intra_cta_tensor_mixed_g2s_then_s2g_batched_distinct_map_4096_8,mixed,intra_cta,tensor,mixed,g2s_then_s2g,batched,distinct_map,4096,8,65854,65536,resource_limit,"independent shared regions exceed the 64 KiB Ventus LDS; four mbarrier table entries are statically assigned per resident WG; current Ventus compiler emits private spill for the mixed capture kernel, but RTL simulation does not back the PDS spill page"
ventus,multi_context.mixed_direction,v3,20260803T103017Z__v3__e1a866548aad,intra_cta_tensor_mixed_s2g_then_g2s_serial_distinct_map_4096_8,mixed,intra_cta,tensor,mixed,s2g_then_g2s,serial,distinct_map,4096,8,65854,65536,resource_limit,"independent shared regions exceed the 64 KiB Ventus LDS; four mbarrier table entries are statically assigned per resident WG; current Ventus compiler emits private spill for the mixed capture kernel, but RTL simulation does not back the PDS spill page"
ventus,multi_context.mixed_direction,v3,20260803T103017Z__v3__e1a866548aad,intra_cta_tensor_mixed_s2g_then_g2s_batched_distinct_map_4096_8,mixed,intra_cta,tensor,mixed,s2g_then_g2s,batched,distinct_map,4096,8,65854,65536,resource_limit,"independent shared regions exceed the 64 KiB Ventus LDS; four mbarrier table entries are statically assigned per resident WG; current Ventus compiler emits private spill for the mixed capture kernel, but RTL simulation does not back the PDS spill page"
ventus,multi_context.mixed_direction,v3,20260803T103017Z__v3__e1a866548aad,intra_cta_tensor_mixed_alternating_serial_same_map_4096_16,mixed,intra_cta,tensor,mixed,alternating,serial,same_map,4096,16,131454,65536,resource_limit,"independent shared regions exceed the 64 KiB Ventus LDS; four mbarrier table entries are statically assigned per resident WG; current Ventus compiler emits private spill for the mixed capture kernel, but RTL simulation does not back the PDS spill page"
ventus,multi_context.mixed_direction,v3,20260803T103017Z__v3__e1a866548aad,intra_cta_tensor_mixed_alternating_batched_same_map_4096_16,mixed,intra_cta,tensor,mixed,alternating,batched,same_map,4096,16,131454,65536,resource_limit,"independent shared regions exceed the 64 KiB Ventus LDS; four mbarrier table entries are statically assigned per resident WG; current Ventus compiler emits private spill for the mixed capture kernel, but RTL simulation does not back the PDS spill page"
ventus,multi_context.mixed_direction,v3,20260803T103017Z__v3__e1a866548aad,intra_cta_tensor_mixed_g2s_then_s2g_serial_same_map_4096_16,mixed,intra_cta,tensor,mixed,g2s_then_s2g,serial,same_map,4096,16,131454,65536,resource_limit,"independent shared regions exceed the 64 KiB Ventus LDS; four mbarrier table entries are statically assigned per resident WG; current Ventus compiler emits private spill for the mixed capture kernel, but RTL simulation does not back the PDS spill page"
ventus,multi_context.mixed_direction,v3,20260803T103017Z__v3__e1a866548aad,intra_cta_tensor_mixed_g2s_then_s2g_batched_same_map_4096_16,mixed,intra_cta,tensor,mixed,g2s_then_s2g,batched,same_map,4096,16,131454,65536,resource_limit,"independent shared regions exceed the 64 KiB Ventus LDS; four mbarrier table entries are statically assigned per resident WG; current Ventus compiler emits private spill for the mixed capture kernel, but RTL simulation does not back the PDS spill page"
ventus,multi_context.mixed_direction,v3,20260803T103017Z__v3__e1a866548aad,intra_cta_tensor_mixed_s2g_then_g2s_serial_same_map_4096_16,mixed,intra_cta,tensor,mixed,s2g_then_g2s,serial,same_map,4096,16,131454,65536,resource_limit,"independent shared regions exceed the 64 KiB Ventus LDS; four mbarrier table entries are statically assigned per resident WG; current Ventus compiler emits private spill for the mixed capture kernel, but RTL simulation does not back the PDS spill page"
ventus,multi_context.mixed_direction,v3,20260803T103017Z__v3__e1a866548aad,intra_cta_tensor_mixed_s2g_then_g2s_batched_same_map_4096_16,mixed,intra_cta,tensor,mixed,s2g_then_g2s,batched,same_map,4096,16,131454,65536,resource_limit,"independent shared regions exceed the 64 KiB Ventus LDS; four mbarrier table entries are statically assigned per resident WG; current Ventus compiler emits private spill for the mixed capture kernel, but RTL simulation does not back the PDS spill page"
ventus,multi_context.mixed_direction,v3,20260803T103017Z__v3__e1a866548aad,intra_cta_tensor_mixed_alternating_serial_distinct_map_4096_16,mixed,intra_cta,tensor,mixed,alternating,serial,distinct_map,4096,16,131454,65536,resource_limit,"independent shared regions exceed the 64 KiB Ventus LDS; four mbarrier table entries are statically assigned per resident WG; current Ventus compiler emits private spill for the mixed capture kernel, but RTL simulation does not back the PDS spill page"
ventus,multi_context.mixed_direction,v3,20260803T103017Z__v3__e1a866548aad,intra_cta_tensor_mixed_alternating_batched_distinct_map_4096_16,mixed,intra_cta,tensor,mixed,alternating,batched,distinct_map,4096,16,131454,65536,resource_limit,"independent shared regions exceed the 64 KiB Ventus LDS; four mbarrier table entries are statically assigned per resident WG; current Ventus compiler emits private spill for the mixed capture kernel, but RTL simulation does not back the PDS spill page"
ventus,multi_context.mixed_direction,v3,20260803T103017Z__v3__e1a866548aad,intra_cta_tensor_mixed_g2s_then_s2g_serial_distinct_map_4096_16,mixed,intra_cta,tensor,mixed,g2s_then_s2g,serial,distinct_map,4096,16,131454,65536,resource_limit,"independent shared regions exceed the 64 KiB Ventus LDS; four mbarrier table entries are statically assigned per resident WG; current Ventus compiler emits private spill for the mixed capture kernel, but RTL simulation does not back the PDS spill page"
ventus,multi_context.mixed_direction,v3,20260803T103017Z__v3__e1a866548aad,intra_cta_tensor_mixed_g2s_then_s2g_batched_distinct_map_4096_16,mixed,intra_cta,tensor,mixed,g2s_then_s2g,batched,distinct_map,4096,16,131454,65536,resource_limit,"independent shared regions exceed the 64 KiB Ventus LDS; four mbarrier table entries are statically assigned per resident WG; current Ventus compiler emits private spill for the mixed capture kernel, but RTL simulation does not back the PDS spill page"
ventus,multi_context.mixed_direction,v3,20260803T103017Z__v3__e1a866548aad,intra_cta_tensor_mixed_s2g_then_g2s_serial_distinct_map_4096_16,mixed,intra_cta,tensor,mixed,s2g_then_g2s,serial,distinct_map,4096,16,131454,65536,resource_limit,"independent shared regions exceed the 64 KiB Ventus LDS; four mbarrier table entries are statically assigned per resident WG; current Ventus compiler emits private spill for the mixed capture kernel, but RTL simulation does not back the PDS spill page"
ventus,multi_context.mixed_direction,v3,20260803T103017Z__v3__e1a866548aad,intra_cta_tensor_mixed_s2g_then_g2s_batched_distinct_map_4096_16,mixed,intra_cta,tensor,mixed,s2g_then_g2s,batched,distinct_map,4096,16,131454,65536,resource_limit,"independent shared regions exceed the 64 KiB Ventus LDS; four mbarrier table entries are statically assigned per resident WG; current Ventus compiler emits private spill for the mixed capture kernel, but RTL simulation does not back the PDS spill page"
ventus,multi_context.mixed_direction,v3,20260803T103017Z__v3__e1a866548aad,intra_cta_bulk_mixed_alternating_serial_same_map_128_2,mixed,intra_cta,bulk,mixed,alternating,serial,same_map,128,2,782,65536,resource_limit,"current Ventus compiler emits private spill for the mixed capture kernel, but RTL simulation does not back the PDS spill page"
ventus,multi_context.mixed_direction,v3,20260803T103017Z__v3__e1a866548aad,intra_cta_bulk_mixed_alternating_batched_same_map_128_2,mixed,intra_cta,bulk,mixed,alternating,batched,same_map,128,2,782,65536,resource_limit,"current Ventus compiler emits private spill for the mixed capture kernel, but RTL simulation does not back the PDS spill page"
ventus,multi_context.mixed_direction,v3,20260803T103017Z__v3__e1a866548aad,intra_cta_bulk_mixed_g2s_then_s2g_serial_same_map_128_2,mixed,intra_cta,bulk,mixed,g2s_then_s2g,serial,same_map,128,2,782,65536,resource_limit,"current Ventus compiler emits private spill for the mixed capture kernel, but RTL simulation does not back the PDS spill page"
ventus,multi_context.mixed_direction,v3,20260803T103017Z__v3__e1a866548aad,intra_cta_bulk_mixed_g2s_then_s2g_batched_same_map_128_2,mixed,intra_cta,bulk,mixed,g2s_then_s2g,batched,same_map,128,2,782,65536,resource_limit,"current Ventus compiler emits private spill for the mixed capture kernel, but RTL simulation does not back the PDS spill page"
ventus,multi_context.mixed_direction,v3,20260803T103017Z__v3__e1a866548aad,intra_cta_bulk_mixed_s2g_then_g2s_serial_same_map_128_2,mixed,intra_cta,bulk,mixed,s2g_then_g2s,serial,same_map,128,2,782,65536,resource_limit,"current Ventus compiler emits private spill for the mixed capture kernel, but RTL simulation does not back the PDS spill page"
ventus,multi_context.mixed_direction,v3,20260803T103017Z__v3__e1a866548aad,intra_cta_bulk_mixed_s2g_then_g2s_batched_same_map_128_2,mixed,intra_cta,bulk,mixed,s2g_then_g2s,batched,same_map,128,2,782,65536,resource_limit,"current Ventus compiler emits private spill for the mixed capture kernel, but RTL simulation does not back the PDS spill page"
ventus,multi_context.mixed_direction,v3,20260803T103017Z__v3__e1a866548aad,intra_cta_bulk_mixed_alternating_serial_same_map_128_4,mixed,intra_cta,bulk,mixed,alternating,serial,same_map,128,4,1310,65536,resource_limit,"current Ventus compiler emits private spill for the mixed capture kernel, but RTL simulation does not back the PDS spill page"
ventus,multi_context.mixed_direction,v3,20260803T103017Z__v3__e1a866548aad,intra_cta_bulk_mixed_alternating_batched_same_map_128_4,mixed,intra_cta,bulk,mixed,alternating,batched,same_map,128,4,1310,65536,resource_limit,"current Ventus compiler emits private spill for the mixed capture kernel, but RTL simulation does not back the PDS spill page"
ventus,multi_context.mixed_direction,v3,20260803T103017Z__v3__e1a866548aad,intra_cta_bulk_mixed_g2s_then_s2g_serial_same_map_128_4,mixed,intra_cta,bulk,mixed,g2s_then_s2g,serial,same_map,128,4,1310,65536,resource_limit,"current Ventus compiler emits private spill for the mixed capture kernel, but RTL simulation does not back the PDS spill page"
ventus,multi_context.mixed_direction,v3,20260803T103017Z__v3__e1a866548aad,intra_cta_bulk_mixed_g2s_then_s2g_batched_same_map_128_4,mixed,intra_cta,bulk,mixed,g2s_then_s2g,batched,same_map,128,4,1310,65536,resource_limit,"current Ventus compiler emits private spill for the mixed capture kernel, but RTL simulation does not back the PDS spill page"
ventus,multi_context.mixed_direction,v3,20260803T103017Z__v3__e1a866548aad,intra_cta_bulk_mixed_s2g_then_g2s_serial_same_map_128_4,mixed,intra_cta,bulk,mixed,s2g_then_g2s,serial,same_map,128,4,1310,65536,resource_limit,"current Ventus compiler emits private spill for the mixed capture kernel, but RTL simulation does not back the PDS spill page"
ventus,multi_context.mixed_direction,v3,20260803T103017Z__v3__e1a866548aad,intra_cta_bulk_mixed_s2g_then_g2s_batched_same_map_128_4,mixed,intra_cta,bulk,mixed,s2g_then_g2s,batched,same_map,128,4,1310,65536,resource_limit,"current Ventus compiler emits private spill for the mixed capture kernel, but RTL simulation does not back the PDS spill page"
ventus,multi_context.mixed_direction,v3,20260803T103017Z__v3__e1a866548aad,intra_cta_bulk_mixed_alternating_serial_same_map_128_8,mixed,intra_cta,bulk,mixed,alternating,serial,same_map,128,8,2366,65536,resource_limit,"four mbarrier table entries are statically assigned per resident WG; current Ventus compiler emits private spill for the mixed capture kernel, but RTL simulation does not back the PDS spill page"
ventus,multi_context.mixed_direction,v3,20260803T103017Z__v3__e1a866548aad,intra_cta_bulk_mixed_alternating_batched_same_map_128_8,mixed,intra_cta,bulk,mixed,alternating,batched,same_map,128,8,2366,65536,resource_limit,"four mbarrier table entries are statically assigned per resident WG; current Ventus compiler emits private spill for the mixed capture kernel, but RTL simulation does not back the PDS spill page"
ventus,multi_context.mixed_direction,v3,20260803T103017Z__v3__e1a866548aad,intra_cta_bulk_mixed_g2s_then_s2g_serial_same_map_128_8,mixed,intra_cta,bulk,mixed,g2s_then_s2g,serial,same_map,128,8,2366,65536,resource_limit,"four mbarrier table entries are statically assigned per resident WG; current Ventus compiler emits private spill for the mixed capture kernel, but RTL simulation does not back the PDS spill page"
ventus,multi_context.mixed_direction,v3,20260803T103017Z__v3__e1a866548aad,intra_cta_bulk_mixed_g2s_then_s2g_batched_same_map_128_8,mixed,intra_cta,bulk,mixed,g2s_then_s2g,batched,same_map,128,8,2366,65536,resource_limit,"four mbarrier table entries are statically assigned per resident WG; current Ventus compiler emits private spill for the mixed capture kernel, but RTL simulation does not back the PDS spill page"
ventus,multi_context.mixed_direction,v3,20260803T103017Z__v3__e1a866548aad,intra_cta_bulk_mixed_s2g_then_g2s_serial_same_map_128_8,mixed,intra_cta,bulk,mixed,s2g_then_g2s,serial,same_map,128,8,2366,65536,resource_limit,"four mbarrier table entries are statically assigned per resident WG; current Ventus compiler emits private spill for the mixed capture kernel, but RTL simulation does not back the PDS spill page"
ventus,multi_context.mixed_direction,v3,20260803T103017Z__v3__e1a866548aad,intra_cta_bulk_mixed_s2g_then_g2s_batched_same_map_128_8,mixed,intra_cta,bulk,mixed,s2g_then_g2s,batched,same_map,128,8,2366,65536,resource_limit,"four mbarrier table entries are statically assigned per resident WG; current Ventus compiler emits private spill for the mixed capture kernel, but RTL simulation does not back the PDS spill page"
ventus,multi_context.mixed_direction,v3,20260803T103017Z__v3__e1a866548aad,intra_cta_bulk_mixed_alternating_serial_same_map_128_16,mixed,intra_cta,bulk,mixed,alternating,serial,same_map,128,16,4478,65536,resource_limit,"four mbarrier table entries are statically assigned per resident WG; current Ventus compiler emits private spill for the mixed capture kernel, but RTL simulation does not back the PDS spill page"
ventus,multi_context.mixed_direction,v3,20260803T103017Z__v3__e1a866548aad,intra_cta_bulk_mixed_alternating_batched_same_map_128_16,mixed,intra_cta,bulk,mixed,alternating,batched,same_map,128,16,4478,65536,resource_limit,"four mbarrier table entries are statically assigned per resident WG; current Ventus compiler emits private spill for the mixed capture kernel, but RTL simulation does not back the PDS spill page"
ventus,multi_context.mixed_direction,v3,20260803T103017Z__v3__e1a866548aad,intra_cta_bulk_mixed_g2s_then_s2g_serial_same_map_128_16,mixed,intra_cta,bulk,mixed,g2s_then_s2g,serial,same_map,128,16,4478,65536,resource_limit,"four mbarrier table entries are statically assigned per resident WG; current Ventus compiler emits private spill for the mixed capture kernel, but RTL simulation does not back the PDS spill page"
ventus,multi_context.mixed_direction,v3,20260803T103017Z__v3__e1a866548aad,intra_cta_bulk_mixed_g2s_then_s2g_batched_same_map_128_16,mixed,intra_cta,bulk,mixed,g2s_then_s2g,batched,same_map,128,16,4478,65536,resource_limit,"four mbarrier table entries are statically assigned per resident WG; current Ventus compiler emits private spill for the mixed capture kernel, but RTL simulation does not back the PDS spill page"
ventus,multi_context.mixed_direction,v3,20260803T103017Z__v3__e1a866548aad,intra_cta_bulk_mixed_s2g_then_g2s_serial_same_map_128_16,mixed,intra_cta,bulk,mixed,s2g_then_g2s,serial,same_map,128,16,4478,65536,resource_limit,"four mbarrier table entries are statically assigned per resident WG; current Ventus compiler emits private spill for the mixed capture kernel, but RTL simulation does not back the PDS spill page"
ventus,multi_context.mixed_direction,v3,20260803T103017Z__v3__e1a866548aad,intra_cta_bulk_mixed_s2g_then_g2s_batched_same_map_128_16,mixed,intra_cta,bulk,mixed,s2g_then_g2s,batched,same_map,128,16,4478,65536,resource_limit,"four mbarrier table entries are statically assigned per resident WG; current Ventus compiler emits private spill for the mixed capture kernel, but RTL simulation does not back the PDS spill page"
ventus,multi_context.mixed_direction,v3,20260803T103017Z__v3__e1a866548aad,intra_cta_bulk_mixed_alternating_serial_same_map_4096_2,mixed,intra_cta,bulk,mixed,alternating,serial,same_map,4096,2,16654,65536,resource_limit,"current Ventus compiler emits private spill for the mixed capture kernel, but RTL simulation does not back the PDS spill page"
ventus,multi_context.mixed_direction,v3,20260803T103017Z__v3__e1a866548aad,intra_cta_bulk_mixed_alternating_batched_same_map_4096_2,mixed,intra_cta,bulk,mixed,alternating,batched,same_map,4096,2,16654,65536,resource_limit,"current Ventus compiler emits private spill for the mixed capture kernel, but RTL simulation does not back the PDS spill page"
ventus,multi_context.mixed_direction,v3,20260803T103017Z__v3__e1a866548aad,intra_cta_bulk_mixed_g2s_then_s2g_serial_same_map_4096_2,mixed,intra_cta,bulk,mixed,g2s_then_s2g,serial,same_map,4096,2,16654,65536,resource_limit,"current Ventus compiler emits private spill for the mixed capture kernel, but RTL simulation does not back the PDS spill page"
ventus,multi_context.mixed_direction,v3,20260803T103017Z__v3__e1a866548aad,intra_cta_bulk_mixed_g2s_then_s2g_batched_same_map_4096_2,mixed,intra_cta,bulk,mixed,g2s_then_s2g,batched,same_map,4096,2,16654,65536,resource_limit,"current Ventus compiler emits private spill for the mixed capture kernel, but RTL simulation does not back the PDS spill page"
ventus,multi_context.mixed_direction,v3,20260803T103017Z__v3__e1a866548aad,intra_cta_bulk_mixed_s2g_then_g2s_serial_same_map_4096_2,mixed,intra_cta,bulk,mixed,s2g_then_g2s,serial,same_map,4096,2,16654,65536,resource_limit,"current Ventus compiler emits private spill for the mixed capture kernel, but RTL simulation does not back the PDS spill page"
ventus,multi_context.mixed_direction,v3,20260803T103017Z__v3__e1a866548aad,intra_cta_bulk_mixed_s2g_then_g2s_batched_same_map_4096_2,mixed,intra_cta,bulk,mixed,s2g_then_g2s,batched,same_map,4096,2,16654,65536,resource_limit,"current Ventus compiler emits private spill for the mixed capture kernel, but RTL simulation does not back the PDS spill page"
ventus,multi_context.mixed_direction,v3,20260803T103017Z__v3__e1a866548aad,intra_cta_bulk_mixed_alternating_serial_same_map_4096_4,mixed,intra_cta,bulk,mixed,alternating,serial,same_map,4096,4,33054,65536,resource_limit,"current Ventus compiler emits private spill for the mixed capture kernel, but RTL simulation does not back the PDS spill page"
ventus,multi_context.mixed_direction,v3,20260803T103017Z__v3__e1a866548aad,intra_cta_bulk_mixed_alternating_batched_same_map_4096_4,mixed,intra_cta,bulk,mixed,alternating,batched,same_map,4096,4,33054,65536,resource_limit,"current Ventus compiler emits private spill for the mixed capture kernel, but RTL simulation does not back the PDS spill page"
ventus,multi_context.mixed_direction,v3,20260803T103017Z__v3__e1a866548aad,intra_cta_bulk_mixed_g2s_then_s2g_serial_same_map_4096_4,mixed,intra_cta,bulk,mixed,g2s_then_s2g,serial,same_map,4096,4,33054,65536,resource_limit,"current Ventus compiler emits private spill for the mixed capture kernel, but RTL simulation does not back the PDS spill page"
ventus,multi_context.mixed_direction,v3,20260803T103017Z__v3__e1a866548aad,intra_cta_bulk_mixed_g2s_then_s2g_batched_same_map_4096_4,mixed,intra_cta,bulk,mixed,g2s_then_s2g,batched,same_map,4096,4,33054,65536,resource_limit,"current Ventus compiler emits private spill for the mixed capture kernel, but RTL simulation does not back the PDS spill page"
ventus,multi_context.mixed_direction,v3,20260803T103017Z__v3__e1a866548aad,intra_cta_bulk_mixed_s2g_then_g2s_serial_same_map_4096_4,mixed,intra_cta,bulk,mixed,s2g_then_g2s,serial,same_map,4096,4,33054,65536,resource_limit,"current Ventus compiler emits private spill for the mixed capture kernel, but RTL simulation does not back the PDS spill page"
ventus,multi_context.mixed_direction,v3,20260803T103017Z__v3__e1a866548aad,intra_cta_bulk_mixed_s2g_then_g2s_batched_same_map_4096_4,mixed,intra_cta,bulk,mixed,s2g_then_g2s,batched,same_map,4096,4,33054,65536,resource_limit,"current Ventus compiler emits private spill for the mixed capture kernel, but RTL simulation does not back the PDS spill page"
ventus,multi_context.mixed_direction,v3,20260803T103017Z__v3__e1a866548aad,intra_cta_bulk_mixed_alternating_serial_same_map_4096_8,mixed,intra_cta,bulk,mixed,alternating,serial,same_map,4096,8,65854,65536,resource_limit,"independent shared regions exceed the 64 KiB Ventus LDS; four mbarrier table entries are statically assigned per resident WG; current Ventus compiler emits private spill for the mixed capture kernel, but RTL simulation does not back the PDS spill page"
ventus,multi_context.mixed_direction,v3,20260803T103017Z__v3__e1a866548aad,intra_cta_bulk_mixed_alternating_batched_same_map_4096_8,mixed,intra_cta,bulk,mixed,alternating,batched,same_map,4096,8,65854,65536,resource_limit,"independent shared regions exceed the 64 KiB Ventus LDS; four mbarrier table entries are statically assigned per resident WG; current Ventus compiler emits private spill for the mixed capture kernel, but RTL simulation does not back the PDS spill page"
ventus,multi_context.mixed_direction,v3,20260803T103017Z__v3__e1a866548aad,intra_cta_bulk_mixed_g2s_then_s2g_serial_same_map_4096_8,mixed,intra_cta,bulk,mixed,g2s_then_s2g,serial,same_map,4096,8,65854,65536,resource_limit,"independent shared regions exceed the 64 KiB Ventus LDS; four mbarrier table entries are statically assigned per resident WG; current Ventus compiler emits private spill for the mixed capture kernel, but RTL simulation does not back the PDS spill page"
ventus,multi_context.mixed_direction,v3,20260803T103017Z__v3__e1a866548aad,intra_cta_bulk_mixed_g2s_then_s2g_batched_same_map_4096_8,mixed,intra_cta,bulk,mixed,g2s_then_s2g,batched,same_map,4096,8,65854,65536,resource_limit,"independent shared regions exceed the 64 KiB Ventus LDS; four mbarrier table entries are statically assigned per resident WG; current Ventus compiler emits private spill for the mixed capture kernel, but RTL simulation does not back the PDS spill page"
ventus,multi_context.mixed_direction,v3,20260803T103017Z__v3__e1a866548aad,intra_cta_bulk_mixed_s2g_then_g2s_serial_same_map_4096_8,mixed,intra_cta,bulk,mixed,s2g_then_g2s,serial,same_map,4096,8,65854,65536,resource_limit,"independent shared regions exceed the 64 KiB Ventus LDS; four mbarrier table entries are statically assigned per resident WG; current Ventus compiler emits private spill for the mixed capture kernel, but RTL simulation does not back the PDS spill page"
ventus,multi_context.mixed_direction,v3,20260803T103017Z__v3__e1a866548aad,intra_cta_bulk_mixed_s2g_then_g2s_batched_same_map_4096_8,mixed,intra_cta,bulk,mixed,s2g_then_g2s,batched,same_map,4096,8,65854,65536,resource_limit,"independent shared regions exceed the 64 KiB Ventus LDS; four mbarrier table entries are statically assigned per resident WG; current Ventus compiler emits private spill for the mixed capture kernel, but RTL simulation does not back the PDS spill page"
ventus,multi_context.mixed_direction,v3,20260803T103017Z__v3__e1a866548aad,intra_cta_bulk_mixed_alternating_serial_same_map_4096_16,mixed,intra_cta,bulk,mixed,alternating,serial,same_map,4096,16,131454,65536,resource_limit,"independent shared regions exceed the 64 KiB Ventus LDS; four mbarrier table entries are statically assigned per resident WG; current Ventus compiler emits private spill for the mixed capture kernel, but RTL simulation does not back the PDS spill page"
ventus,multi_context.mixed_direction,v3,20260803T103017Z__v3__e1a866548aad,intra_cta_bulk_mixed_alternating_batched_same_map_4096_16,mixed,intra_cta,bulk,mixed,alternating,batched,same_map,4096,16,131454,65536,resource_limit,"independent shared regions exceed the 64 KiB Ventus LDS; four mbarrier table entries are statically assigned per resident WG; current Ventus compiler emits private spill for the mixed capture kernel, but RTL simulation does not back the PDS spill page"
ventus,multi_context.mixed_direction,v3,20260803T103017Z__v3__e1a866548aad,intra_cta_bulk_mixed_g2s_then_s2g_serial_same_map_4096_16,mixed,intra_cta,bulk,mixed,g2s_then_s2g,serial,same_map,4096,16,131454,65536,resource_limit,"independent shared regions exceed the 64 KiB Ventus LDS; four mbarrier table entries are statically assigned per resident WG; current Ventus compiler emits private spill for the mixed capture kernel, but RTL simulation does not back the PDS spill page"
ventus,multi_context.mixed_direction,v3,20260803T103017Z__v3__e1a866548aad,intra_cta_bulk_mixed_g2s_then_s2g_batched_same_map_4096_16,mixed,intra_cta,bulk,mixed,g2s_then_s2g,batched,same_map,4096,16,131454,65536,resource_limit,"independent shared regions exceed the 64 KiB Ventus LDS; four mbarrier table entries are statically assigned per resident WG; current Ventus compiler emits private spill for the mixed capture kernel, but RTL simulation does not back the PDS spill page"
ventus,multi_context.mixed_direction,v3,20260803T103017Z__v3__e1a866548aad,intra_cta_bulk_mixed_s2g_then_g2s_serial_same_map_4096_16,mixed,intra_cta,bulk,mixed,s2g_then_g2s,serial,same_map,4096,16,131454,65536,resource_limit,"independent shared regions exceed the 64 KiB Ventus LDS; four mbarrier table entries are statically assigned per resident WG; current Ventus compiler emits private spill for the mixed capture kernel, but RTL simulation does not back the PDS spill page"
ventus,multi_context.mixed_direction,v3,20260803T103017Z__v3__e1a866548aad,intra_cta_bulk_mixed_s2g_then_g2s_batched_same_map_4096_16,mixed,intra_cta,bulk,mixed,s2g_then_g2s,batched,same_map,4096,16,131454,65536,resource_limit,"independent shared regions exceed the 64 KiB Ventus LDS; four mbarrier table entries are statically assigned per resident WG; current Ventus compiler emits private spill for the mixed capture kernel, but RTL simulation does not back the PDS spill page"
ventus,multi_context.mixed_direction,v3,20260803T103017Z__v3__e1a866548aad,multi_cta_tensor_mixed_g2s_then_s2g_batched_distinct_map_4096_8,mixed,multi_cta,tensor,mixed,g2s_then_s2g,batched,distinct_map,4096,8,8454,65536,resource_limit,the current Ventus compiler emits a live private spill on this 4 KiB distinct-map mixed-order path; RTL simulation reads the unbacked PDS spill page and reaches an undefined instruction
ventus,multi_context.mixed_direction,v3,20260803T103017Z__v3__e1a866548aad,multi_cta_tensor_mixed_g2s_then_s2g_batched_distinct_map_4096_16,mixed,multi_cta,tensor,mixed,g2s_then_s2g,batched,distinct_map,4096,16,8454,65536,resource_limit,the current Ventus compiler emits a live private spill on this 4 KiB distinct-map mixed-order path; RTL simulation reads the unbacked PDS spill page and reaches an undefined instruction
ventus,multi_context.same_direction,v4,20260803T101253Z__v4__326f6a5e4973,intra_cta_tensor_g2s_alternating_serial_same_map_128_8,same,intra_cta,tensor,g2s,alternating,serial,same_map,128,8,1215,65536,resource_limit,four mbarrier table entries are statically assigned per resident WG
ventus,multi_context.same_direction,v4,20260803T101253Z__v4__326f6a5e4973,intra_cta_tensor_g2s_alternating_batched_same_map_128_8,same,intra_cta,tensor,g2s,alternating,batched,same_map,128,8,1215,65536,resource_limit,four mbarrier table entries are statically assigned per resident WG
ventus,multi_context.same_direction,v4,20260803T101253Z__v4__326f6a5e4973,intra_cta_tensor_g2s_alternating_serial_distinct_map_128_8,same,intra_cta,tensor,g2s,alternating,serial,distinct_map,128,8,1215,65536,resource_limit,four mbarrier table entries are statically assigned per resident WG
ventus,multi_context.same_direction,v4,20260803T101253Z__v4__326f6a5e4973,intra_cta_tensor_g2s_alternating_batched_distinct_map_128_8,same,intra_cta,tensor,g2s,alternating,batched,distinct_map,128,8,1215,65536,resource_limit,four mbarrier table entries are statically assigned per resident WG
ventus,multi_context.same_direction,v4,20260803T101253Z__v4__326f6a5e4973,intra_cta_tensor_g2s_alternating_serial_same_map_128_16,same,intra_cta,tensor,g2s,alternating,serial,same_map,128,16,2303,65536,resource_limit,four mbarrier table entries are statically assigned per resident WG
ventus,multi_context.same_direction,v4,20260803T101253Z__v4__326f6a5e4973,intra_cta_tensor_g2s_alternating_batched_same_map_128_16,same,intra_cta,tensor,g2s,alternating,batched,same_map,128,16,2303,65536,resource_limit,four mbarrier table entries are statically assigned per resident WG
ventus,multi_context.same_direction,v4,20260803T101253Z__v4__326f6a5e4973,intra_cta_tensor_g2s_alternating_serial_distinct_map_128_16,same,intra_cta,tensor,g2s,alternating,serial,distinct_map,128,16,2303,65536,resource_limit,four mbarrier table entries are statically assigned per resident WG
ventus,multi_context.same_direction,v4,20260803T101253Z__v4__326f6a5e4973,intra_cta_tensor_g2s_alternating_batched_distinct_map_128_16,same,intra_cta,tensor,g2s,alternating,batched,distinct_map,128,16,2303,65536,resource_limit,four mbarrier table entries are statically assigned per resident WG
ventus,multi_context.same_direction,v4,20260803T101253Z__v4__326f6a5e4973,intra_cta_tensor_g2s_alternating_serial_same_map_128_32,same,intra_cta,tensor,g2s,alternating,serial,same_map,128,32,4479,65536,resource_limit,four mbarrier table entries are statically assigned per resident WG
ventus,multi_context.same_direction,v4,20260803T101253Z__v4__326f6a5e4973,intra_cta_tensor_g2s_alternating_batched_same_map_128_32,same,intra_cta,tensor,g2s,alternating,batched,same_map,128,32,4479,65536,resource_limit,four mbarrier table entries are statically assigned per resident WG
ventus,multi_context.same_direction,v4,20260803T101253Z__v4__326f6a5e4973,intra_cta_tensor_g2s_alternating_serial_distinct_map_128_32,same,intra_cta,tensor,g2s,alternating,serial,distinct_map,128,32,4479,65536,resource_limit,four mbarrier table entries are statically assigned per resident WG
ventus,multi_context.same_direction,v4,20260803T101253Z__v4__326f6a5e4973,intra_cta_tensor_g2s_alternating_batched_distinct_map_128_32,same,intra_cta,tensor,g2s,alternating,batched,distinct_map,128,32,4479,65536,resource_limit,four mbarrier table entries are statically assigned per resident WG
ventus,multi_context.same_direction,v4,20260803T101253Z__v4__326f6a5e4973,intra_cta_tensor_g2s_alternating_serial_same_map_4096_8,same,intra_cta,tensor,g2s,alternating,serial,same_map,4096,8,32959,65536,resource_limit,four mbarrier table entries are statically assigned per resident WG
ventus,multi_context.same_direction,v4,20260803T101253Z__v4__326f6a5e4973,intra_cta_tensor_g2s_alternating_batched_same_map_4096_8,same,intra_cta,tensor,g2s,alternating,batched,same_map,4096,8,32959,65536,resource_limit,four mbarrier table entries are statically assigned per resident WG
ventus,multi_context.same_direction,v4,20260803T101253Z__v4__326f6a5e4973,intra_cta_tensor_g2s_alternating_serial_distinct_map_4096_8,same,intra_cta,tensor,g2s,alternating,serial,distinct_map,4096,8,32959,65536,resource_limit,four mbarrier table entries are statically assigned per resident WG
ventus,multi_context.same_direction,v4,20260803T101253Z__v4__326f6a5e4973,intra_cta_tensor_g2s_alternating_batched_distinct_map_4096_8,same,intra_cta,tensor,g2s,alternating,batched,distinct_map,4096,8,32959,65536,resource_limit,four mbarrier table entries are statically assigned per resident WG
ventus,multi_context.same_direction,v4,20260803T101253Z__v4__326f6a5e4973,intra_cta_tensor_g2s_alternating_serial_same_map_4096_16,same,intra_cta,tensor,g2s,alternating,serial,same_map,4096,16,65791,65536,resource_limit,independent shared regions exceed the 64 KiB Ventus LDS; four mbarrier table entries are statically assigned per resident WG
ventus,multi_context.same_direction,v4,20260803T101253Z__v4__326f6a5e4973,intra_cta_tensor_g2s_alternating_batched_same_map_4096_16,same,intra_cta,tensor,g2s,alternating,batched,same_map,4096,16,65791,65536,resource_limit,independent shared regions exceed the 64 KiB Ventus LDS; four mbarrier table entries are statically assigned per resident WG
ventus,multi_context.same_direction,v4,20260803T101253Z__v4__326f6a5e4973,intra_cta_tensor_g2s_alternating_serial_distinct_map_4096_16,same,intra_cta,tensor,g2s,alternating,serial,distinct_map,4096,16,65791,65536,resource_limit,independent shared regions exceed the 64 KiB Ventus LDS; four mbarrier table entries are statically assigned per resident WG
ventus,multi_context.same_direction,v4,20260803T101253Z__v4__326f6a5e4973,intra_cta_tensor_g2s_alternating_batched_distinct_map_4096_16,same,intra_cta,tensor,g2s,alternating,batched,distinct_map,4096,16,65791,65536,resource_limit,independent shared regions exceed the 64 KiB Ventus LDS; four mbarrier table entries are statically assigned per resident WG
ventus,multi_context.same_direction,v4,20260803T101253Z__v4__326f6a5e4973,intra_cta_tensor_g2s_alternating_serial_same_map_4096_32,same,intra_cta,tensor,g2s,alternating,serial,same_map,4096,32,131455,65536,resource_limit,independent shared regions exceed the 64 KiB Ventus LDS; four mbarrier table entries are statically assigned per resident WG
ventus,multi_context.same_direction,v4,20260803T101253Z__v4__326f6a5e4973,intra_cta_tensor_g2s_alternating_batched_same_map_4096_32,same,intra_cta,tensor,g2s,alternating,batched,same_map,4096,32,131455,65536,resource_limit,independent shared regions exceed the 64 KiB Ventus LDS; four mbarrier table entries are statically assigned per resident WG
ventus,multi_context.same_direction,v4,20260803T101253Z__v4__326f6a5e4973,intra_cta_tensor_g2s_alternating_serial_distinct_map_4096_32,same,intra_cta,tensor,g2s,alternating,serial,distinct_map,4096,32,131455,65536,resource_limit,independent shared regions exceed the 64 KiB Ventus LDS; four mbarrier table entries are statically assigned per resident WG
ventus,multi_context.same_direction,v4,20260803T101253Z__v4__326f6a5e4973,intra_cta_tensor_g2s_alternating_batched_distinct_map_4096_32,same,intra_cta,tensor,g2s,alternating,batched,distinct_map,4096,32,131455,65536,resource_limit,independent shared regions exceed the 64 KiB Ventus LDS; four mbarrier table entries are statically assigned per resident WG
ventus,multi_context.same_direction,v4,20260803T101253Z__v4__326f6a5e4973,intra_cta_bulk_g2s_alternating_serial_same_map_128_8,same,intra_cta,bulk,g2s,alternating,serial,same_map,128,8,1215,65536,resource_limit,four mbarrier table entries are statically assigned per resident WG
ventus,multi_context.same_direction,v4,20260803T101253Z__v4__326f6a5e4973,intra_cta_bulk_g2s_alternating_batched_same_map_128_8,same,intra_cta,bulk,g2s,alternating,batched,same_map,128,8,1215,65536,resource_limit,four mbarrier table entries are statically assigned per resident WG
ventus,multi_context.same_direction,v4,20260803T101253Z__v4__326f6a5e4973,intra_cta_bulk_g2s_alternating_serial_same_map_128_16,same,intra_cta,bulk,g2s,alternating,serial,same_map,128,16,2303,65536,resource_limit,four mbarrier table entries are statically assigned per resident WG
ventus,multi_context.same_direction,v4,20260803T101253Z__v4__326f6a5e4973,intra_cta_bulk_g2s_alternating_batched_same_map_128_16,same,intra_cta,bulk,g2s,alternating,batched,same_map,128,16,2303,65536,resource_limit,four mbarrier table entries are statically assigned per resident WG
ventus,multi_context.same_direction,v4,20260803T101253Z__v4__326f6a5e4973,intra_cta_bulk_g2s_alternating_serial_same_map_128_32,same,intra_cta,bulk,g2s,alternating,serial,same_map,128,32,4479,65536,resource_limit,four mbarrier table entries are statically assigned per resident WG
ventus,multi_context.same_direction,v4,20260803T101253Z__v4__326f6a5e4973,intra_cta_bulk_g2s_alternating_batched_same_map_128_32,same,intra_cta,bulk,g2s,alternating,batched,same_map,128,32,4479,65536,resource_limit,four mbarrier table entries are statically assigned per resident WG
ventus,multi_context.same_direction,v4,20260803T101253Z__v4__326f6a5e4973,intra_cta_bulk_g2s_alternating_serial_same_map_4096_8,same,intra_cta,bulk,g2s,alternating,serial,same_map,4096,8,32959,65536,resource_limit,four mbarrier table entries are statically assigned per resident WG
ventus,multi_context.same_direction,v4,20260803T101253Z__v4__326f6a5e4973,intra_cta_bulk_g2s_alternating_batched_same_map_4096_8,same,intra_cta,bulk,g2s,alternating,batched,same_map,4096,8,32959,65536,resource_limit,four mbarrier table entries are statically assigned per resident WG
ventus,multi_context.same_direction,v4,20260803T101253Z__v4__326f6a5e4973,intra_cta_bulk_g2s_alternating_serial_same_map_4096_16,same,intra_cta,bulk,g2s,alternating,serial,same_map,4096,16,65791,65536,resource_limit,independent shared regions exceed the 64 KiB Ventus LDS; four mbarrier table entries are statically assigned per resident WG
ventus,multi_context.same_direction,v4,20260803T101253Z__v4__326f6a5e4973,intra_cta_bulk_g2s_alternating_batched_same_map_4096_16,same,intra_cta,bulk,g2s,alternating,batched,same_map,4096,16,65791,65536,resource_limit,independent shared regions exceed the 64 KiB Ventus LDS; four mbarrier table entries are statically assigned per resident WG
ventus,multi_context.same_direction,v4,20260803T101253Z__v4__326f6a5e4973,intra_cta_bulk_g2s_alternating_serial_same_map_4096_32,same,intra_cta,bulk,g2s,alternating,serial,same_map,4096,32,131455,65536,resource_limit,independent shared regions exceed the 64 KiB Ventus LDS; four mbarrier table entries are statically assigned per resident WG
ventus,multi_context.same_direction,v4,20260803T101253Z__v4__326f6a5e4973,intra_cta_bulk_g2s_alternating_batched_same_map_4096_32,same,intra_cta,bulk,g2s,alternating,batched,same_map,4096,32,131455,65536,resource_limit,independent shared regions exceed the 64 KiB Ventus LDS; four mbarrier table entries are statically assigned per resident WG
ventus,multi_context.same_direction,v4,20260803T101253Z__v4__326f6a5e4973,multi_cta_tensor_g2s_alternating_batched_same_map_4096_32,same,multi_cta,tensor,g2s,alternating,batched,same_map,4096,32,4231,65536,resource_limit,the 32-CTA 4 KiB Tensor capture kernel uses private spill pages; the current RTL simulator does not back those PDS pages
ventus,multi_context.same_direction,v4,20260803T101253Z__v4__326f6a5e4973,multi_cta_tensor_g2s_alternating_batched_distinct_map_4096_32,same,multi_cta,tensor,g2s,alternating,batched,distinct_map,4096,32,4231,65536,resource_limit,the 32-CTA 4 KiB Tensor capture kernel uses private spill pages; the current RTL simulator does not back those PDS pages
ventus,multi_context.same_direction,v4,20260803T101253Z__v4__326f6a5e4973,multi_cta_bulk_g2s_alternating_batched_same_map_4096_32,same,multi_cta,bulk,g2s,alternating,batched,same_map,4096,32,4231,65536,resource_limit,the 32-CTA 4 KiB capture kernel uses private spill pages; the current RTL simulator does not back those PDS pages
ventus,multi_context.same_direction,v4,20260803T101321Z__v4__5028e1f6dcb3,intra_cta_tensor_s2g_alternating_serial_same_map_4096_16,same,intra_cta,tensor,s2g,alternating,serial,same_map,4096,16,65671,65536,resource_limit,independent shared regions exceed the 64 KiB Ventus LDS
ventus,multi_context.same_direction,v4,20260803T101321Z__v4__5028e1f6dcb3,intra_cta_tensor_s2g_alternating_batched_same_map_4096_16,same,intra_cta,tensor,s2g,alternating,batched,same_map,4096,16,65671,65536,resource_limit,independent shared regions exceed the 64 KiB Ventus LDS
ventus,multi_context.same_direction,v4,20260803T101321Z__v4__5028e1f6dcb3,intra_cta_tensor_s2g_alternating_serial_distinct_map_4096_16,same,intra_cta,tensor,s2g,alternating,serial,distinct_map,4096,16,65671,65536,resource_limit,independent shared regions exceed the 64 KiB Ventus LDS
ventus,multi_context.same_direction,v4,20260803T101321Z__v4__5028e1f6dcb3,intra_cta_tensor_s2g_alternating_batched_distinct_map_4096_16,same,intra_cta,tensor,s2g,alternating,batched,distinct_map,4096,16,65671,65536,resource_limit,independent shared regions exceed the 64 KiB Ventus LDS
ventus,multi_context.same_direction,v4,20260803T101321Z__v4__5028e1f6dcb3,intra_cta_tensor_s2g_alternating_serial_same_map_4096_32,same,intra_cta,tensor,s2g,alternating,serial,same_map,4096,32,131207,65536,resource_limit,independent shared regions exceed the 64 KiB Ventus LDS
ventus,multi_context.same_direction,v4,20260803T101321Z__v4__5028e1f6dcb3,intra_cta_tensor_s2g_alternating_batched_same_map_4096_32,same,intra_cta,tensor,s2g,alternating,batched,same_map,4096,32,131207,65536,resource_limit,independent shared regions exceed the 64 KiB Ventus LDS
ventus,multi_context.same_direction,v4,20260803T101321Z__v4__5028e1f6dcb3,intra_cta_tensor_s2g_alternating_serial_distinct_map_4096_32,same,intra_cta,tensor,s2g,alternating,serial,distinct_map,4096,32,131207,65536,resource_limit,independent shared regions exceed the 64 KiB Ventus LDS
ventus,multi_context.same_direction,v4,20260803T101321Z__v4__5028e1f6dcb3,intra_cta_tensor_s2g_alternating_batched_distinct_map_4096_32,same,intra_cta,tensor,s2g,alternating,batched,distinct_map,4096,32,131207,65536,resource_limit,independent shared regions exceed the 64 KiB Ventus LDS
ventus,multi_context.same_direction,v4,20260803T101321Z__v4__5028e1f6dcb3,intra_cta_bulk_s2g_alternating_serial_same_map_4096_16,same,intra_cta,bulk,s2g,alternating,serial,same_map,4096,16,65671,65536,resource_limit,independent shared regions exceed the 64 KiB Ventus LDS
ventus,multi_context.same_direction,v4,20260803T101321Z__v4__5028e1f6dcb3,intra_cta_bulk_s2g_alternating_batched_same_map_4096_16,same,intra_cta,bulk,s2g,alternating,batched,same_map,4096,16,65671,65536,resource_limit,independent shared regions exceed the 64 KiB Ventus LDS
ventus,multi_context.same_direction,v4,20260803T101321Z__v4__5028e1f6dcb3,intra_cta_bulk_s2g_alternating_serial_same_map_4096_32,same,intra_cta,bulk,s2g,alternating,serial,same_map,4096,32,131207,65536,resource_limit,independent shared regions exceed the 64 KiB Ventus LDS
ventus,multi_context.same_direction,v4,20260803T101321Z__v4__5028e1f6dcb3,intra_cta_bulk_s2g_alternating_batched_same_map_4096_32,same,intra_cta,bulk,s2g,alternating,batched,same_map,4096,32,131207,65536,resource_limit,independent shared regions exceed the 64 KiB Ventus LDS
ventus,multi_context.same_direction,v4,20260803T101321Z__v4__5028e1f6dcb3,multi_cta_tensor_s2g_alternating_batched_distinct_map_128_32,same,multi_cta,tensor,s2g,alternating,batched,distinct_map,128,32,263,65536,resource_limit,known RTL timeout under 32 independent S2G descriptor streams; same-map finishes and the timed-out signature is not retried
ventus,multi_context.same_direction,v4,20260803T101321Z__v4__5028e1f6dcb3,multi_cta_tensor_s2g_alternating_batched_distinct_map_4096_32,same,multi_cta,tensor,s2g,alternating,batched,distinct_map,4096,32,4231,65536,resource_limit,known RTL timeout under 32 independent S2G descriptor streams; same-map finishes and the timed-out signature is not retried
