suite_id,case_id,direction,path,family,dtype,rank,logical_bytes,global_offset,stride_class,interleave,swizzle,h100_suite_version,h100_repeat0,h100_repeat1,h100_delta_1_minus_0,b200_suite_version,b200_repeat0,b200_repeat1,b200_delta_1_minus_0,ventus_suite_version,ventus_repeat0,ventus_repeat1,ventus_delta_1_minus_0
single_instruction.common_matrix,bulk_capacity_g2s_b16,g2s,bulk,bulk_capacity,u8,2,16,0,contiguous,none,none,v4,1339,374,-965,v4,1647,473,-1174,v4,85,76,-9
single_instruction.common_matrix,bulk_capacity_g2s_b32,g2s,bulk,bulk_capacity,u8,2,32,0,contiguous,none,none,v4,527,374,-153,v4,896,473,-423,v4,85,76,-9
single_instruction.common_matrix,bulk_capacity_g2s_b64,g2s,bulk,bulk_capacity,u8,2,64,0,contiguous,none,none,v4,657,374,-283,v4,884,473,-411,v4,85,76,-9
single_instruction.common_matrix,bulk_capacity_g2s_b128,g2s,bulk,bulk_capacity,u8,2,128,0,contiguous,none,none,v4,657,374,-283,v4,884,475,-409,v4,85,76,-9
single_instruction.common_matrix,bulk_capacity_g2s_b256,g2s,bulk,bulk_capacity,u8,2,256,0,contiguous,none,none,v4,657,374,-283,v4,884,473,-411,v4,87,78,-9
single_instruction.common_matrix,bulk_capacity_g2s_b512,g2s,bulk,bulk_capacity,u8,2,512,0,contiguous,none,none,v4,657,374,-283,v4,884,473,-411,v4,91,82,-9
single_instruction.common_matrix,bulk_capacity_g2s_b1024,g2s,bulk,bulk_capacity,u8,2,1024,0,contiguous,none,none,v4,657,524,-133,v4,884,474,-410,v4,99,90,-9
single_instruction.common_matrix,bulk_capacity_g2s_b2048,g2s,bulk,bulk_capacity,u8,2,2048,0,contiguous,none,none,v4,657,524,-133,v4,884,473,-411,v4,122,106,-16
single_instruction.common_matrix,bulk_base_g2s_mod128_0,g2s,bulk,base_alignment,u8,2,4096,0,contiguous,none,none,v4,736,524,-212,v4,897,623,-274,v4,159,138,-21
single_instruction.common_matrix,bulk_base_g2s_mod128_112,g2s,bulk,base_alignment,u8,2,4096,112,contiguous,none,none,v4,807,524,-283,v4,884,623,-261,v4,204,166,-38
single_instruction.common_matrix,bulk_base_g2s_mod128_16,g2s,bulk,base_alignment,u8,2,4096,16,contiguous,none,none,v4,677,528,-149,v4,896,623,-273,v4,204,166,-38
single_instruction.common_matrix,bulk_base_g2s_mod128_32,g2s,bulk,base_alignment,u8,2,4096,32,contiguous,none,none,v4,657,524,-133,v4,886,623,-263,v4,204,166,-38
single_instruction.common_matrix,bulk_base_g2s_mod128_64,g2s,bulk,base_alignment,u8,2,4096,64,contiguous,none,none,v4,657,524,-133,v4,884,623,-261,v4,204,166,-38
single_instruction.common_matrix,bulk_capacity_g2s_b4096,g2s,bulk,bulk_capacity,u8,2,4096,0,contiguous,none,none,v4,657,524,-133,v4,884,623,-261,v4,159,138,-21
single_instruction.common_matrix,bulk_capacity_g2s_b8192,g2s,bulk,bulk_capacity,u8,2,8192,0,contiguous,none,none,v4,657,524,-133,v4,884,623,-261,v4,236,202,-34
single_instruction.common_matrix,bulk_capacity_g2s_b16384,g2s,bulk,bulk_capacity,u8,2,16384,0,contiguous,none,none,v4,807,524,-283,v4,1034,623,-411,v4,368,332,-36
single_instruction.common_matrix,bulk_capacity_g2s_b32768,g2s,bulk,bulk_capacity,u8,2,32768,0,contiguous,none,none,v4,961,674,-287,v4,1184,773,-411,v4,632,614,-18
single_instruction.common_matrix,dtype_g2s_bf16_b128,g2s,tensor,dtype,bf16,2,128,0,contiguous,none,none,v4,612,454,-158,v4,689,434,-255,v4,136,100,-36
single_instruction.common_matrix,dtype_g2s_bf16_b4096,g2s,tensor,dtype,bf16,2,4096,0,contiguous,none,none,v4,750,454,-296,v4,689,579,-110,v4,210,162,-48
single_instruction.common_matrix,oob_nan_bf16_nan,g2s,tensor,oob_nan,bf16,2,4096,0,contiguous,none,none,v4,1204,454,-750,v4,1133,579,-554,v4,198,168,-30
single_instruction.common_matrix,oob_nan_bf16_zero,g2s,tensor,oob_nan,bf16,2,4096,0,contiguous,none,none,v4,930,454,-476,v4,1133,579,-554,v4,198,168,-30
single_instruction.common_matrix,dtype_g2s_f16_b128,g2s,tensor,dtype,f16,2,128,0,contiguous,none,none,v4,602,454,-148,v4,689,431,-258,v4,136,100,-36
single_instruction.common_matrix,dtype_g2s_f16_b4096,g2s,tensor,dtype,f16,2,4096,0,contiguous,none,none,v4,760,454,-306,v4,837,579,-258,v4,210,162,-48
single_instruction.common_matrix,oob_nan_f16_nan,g2s,tensor,oob_nan,f16,2,4096,0,contiguous,none,none,v4,908,454,-454,v4,1133,579,-554,v4,198,168,-30
single_instruction.common_matrix,oob_nan_f16_zero,g2s,tensor,oob_nan,f16,2,4096,0,contiguous,none,none,v4,833,454,-379,v4,1227,579,-648,v4,198,168,-30
single_instruction.common_matrix,dtype_g2s_f32_b128,g2s,tensor,dtype,f32,2,128,0,contiguous,none,none,v4,602,454,-148,v4,689,431,-258,v4,136,100,-36
single_instruction.common_matrix,dtype_g2s_f32_b4096,g2s,tensor,dtype,f32,2,4096,0,contiguous,none,none,v4,750,454,-296,v4,689,431,-258,v4,210,162,-48
single_instruction.common_matrix,oob_nan_f32_nan,g2s,tensor,oob_nan,f32,2,4096,0,contiguous,none,none,v4,909,454,-455,v4,837,581,-256,v4,198,168,-30
single_instruction.common_matrix,oob_nan_f32_zero,g2s,tensor,oob_nan,f32,2,4096,0,contiguous,none,none,v4,760,454,-306,v4,689,579,-110,v4,198,168,-30
single_instruction.common_matrix,dtype_g2s_f32_ftz_b128,g2s,tensor,dtype,f32_ftz,2,128,0,contiguous,none,none,v4,634,454,-180,v4,689,433,-256,v4,136,100,-36
single_instruction.common_matrix,dtype_g2s_f32_ftz_b4096,g2s,tensor,dtype,f32_ftz,2,4096,0,contiguous,none,none,v4,750,454,-296,v4,837,579,-258,v4,210,162,-48
single_instruction.common_matrix,oob_nan_f32_ftz_nan,g2s,tensor,oob_nan,f32_ftz,2,4096,0,contiguous,none,none,v4,750,454,-296,v4,1133,579,-554,v4,198,168,-30
single_instruction.common_matrix,oob_nan_f32_ftz_zero,g2s,tensor,oob_nan,f32_ftz,2,4096,0,contiguous,none,none,v4,750,454,-296,v4,1133,579,-554,v4,198,168,-30
single_instruction.common_matrix,dtype_g2s_f64_b128,g2s,tensor,dtype,f64,2,128,0,contiguous,none,none,v4,760,454,-306,v4,689,434,-255,v4,136,100,-36
single_instruction.common_matrix,dtype_g2s_f64_b4096,g2s,tensor,dtype,f64,2,4096,0,contiguous,none,none,v4,750,454,-296,v4,689,431,-258,v4,210,162,-48
single_instruction.common_matrix,oob_nan_f64_nan,g2s,tensor,oob_nan,f64,2,4096,0,contiguous,none,none,v4,1194,454,-740,v4,1429,579,-850,v4,198,168,-30
single_instruction.common_matrix,oob_nan_f64_zero,g2s,tensor,oob_nan,f64,2,4096,0,contiguous,none,none,v4,1194,454,-740,v4,985,579,-406,v4,198,168,-30
single_instruction.common_matrix,dtype_g2s_s32_b128,g2s,tensor,dtype,s32,2,128,0,contiguous,none,none,v4,612,454,-158,v4,689,431,-258,v4,136,100,-36
single_instruction.common_matrix,dtype_g2s_s32_b4096,g2s,tensor,dtype,s32,2,4096,0,contiguous,none,none,v4,637,454,-183,v4,837,579,-258,v4,210,162,-48
single_instruction.common_matrix,dtype_g2s_s64_b128,g2s,tensor,dtype,s64,2,128,0,contiguous,none,none,v4,602,454,-148,v4,689,431,-258,v4,136,100,-36
single_instruction.common_matrix,dtype_g2s_s64_b4096,g2s,tensor,dtype,s64,2,4096,0,contiguous,none,none,v4,760,454,-306,v4,837,579,-258,v4,210,162,-48
single_instruction.common_matrix,dtype_g2s_tf32_b128,g2s,tensor,dtype,tf32,2,128,0,contiguous,none,none,v4,612,454,-158,v4,689,433,-256,v4,136,100,-36
single_instruction.common_matrix,dtype_g2s_tf32_b4096,g2s,tensor,dtype,tf32,2,4096,0,contiguous,none,none,v4,634,454,-180,v4,837,579,-258,v4,210,162,-48
single_instruction.common_matrix,oob_nan_tf32_nan,g2s,tensor,oob_nan,tf32,2,4096,0,contiguous,none,none,v4,1204,454,-750,v4,1725,579,-1146,v4,198,168,-30
single_instruction.common_matrix,oob_nan_tf32_zero,g2s,tensor,oob_nan,tf32,2,4096,0,contiguous,none,none,v4,1204,454,-750,v4,1429,579,-850,v4,198,168,-30
single_instruction.common_matrix,dtype_g2s_tf32_ftz_b128,g2s,tensor,dtype,tf32_ftz,2,128,0,contiguous,none,none,v4,750,454,-296,v4,689,433,-256,v4,136,100,-36
single_instruction.common_matrix,dtype_g2s_tf32_ftz_b4096,g2s,tensor,dtype,tf32_ftz,2,4096,0,contiguous,none,none,v4,760,456,-304,v4,689,431,-258,v4,210,162,-48
single_instruction.common_matrix,oob_nan_tf32_ftz_nan,g2s,tensor,oob_nan,tf32_ftz,2,4096,0,contiguous,none,none,v4,750,454,-296,v4,837,579,-258,v4,198,168,-30
single_instruction.common_matrix,oob_nan_tf32_ftz_zero,g2s,tensor,oob_nan,tf32_ftz,2,4096,0,contiguous,none,none,v4,1061,454,-607,v4,1133,579,-554,v4,198,168,-30
single_instruction.common_matrix,dtype_g2s_u16_b128,g2s,tensor,dtype,u16,2,128,0,contiguous,none,none,v4,612,454,-158,v4,689,431,-258,v4,136,100,-36
single_instruction.tensor_2d_capacity,tensor_2d_length_g2s_u16_row32_b128,g2s,tensor,tensor_2d_length_u16_row32,u16,2,128,0,contiguous,none,none,v4,602,454,-148,v4,837,431,-406,v4,136,100,-36
single_instruction.tensor_2d_capacity,tensor_2d_length_g2s_u16_row32_b256,g2s,tensor,tensor_2d_length_u16_row32,u16,2,256,0,contiguous,none,none,v4,602,454,-148,v4,837,431,-406,v4,138,102,-36
single_instruction.common_matrix,interleave16_g2s_b1024_int,g2s,tensor,interleave,u16,3,1024,0,contiguous,16,none,v4,613,454,-159,v4,692,433,-259,v4,151,115,-36
single_instruction.common_matrix,interleave16_g2s_b1024_plain,g2s,tensor,interleave,u16,3,1024,0,contiguous,none,none,v4,684,454,-230,v4,905,433,-472,v4,151,115,-36
single_instruction.tensor_2d_capacity,tensor_2d_length_g2s_u16_row32_b1024,g2s,tensor,tensor_2d_length_u16_row32,u16,2,1024,0,contiguous,none,none,v4,602,454,-148,v4,837,579,-258,v4,150,114,-36
single_instruction.common_matrix,dtype_g2s_u16_b4096,g2s,tensor,dtype,u16,2,4096,0,contiguous,none,none,v4,750,454,-296,v4,689,431,-258,v4,210,162,-48
single_instruction.common_matrix,interleave16_g2s_b4096_int,g2s,tensor,interleave,u16,3,4096,0,contiguous,16,none,v4,761,454,-307,v4,692,433,-259,v4,211,163,-48
single_instruction.common_matrix,interleave16_g2s_b4096_plain,g2s,tensor,interleave,u16,3,4096,0,contiguous,none,none,v4,980,750,-230,v4,1053,729,-324,v4,211,163,-48
single_instruction.tensor_2d_capacity,tensor_2d_length_g2s_u16_row32_b4096,g2s,tensor,tensor_2d_length_u16_row32,u16,2,4096,0,contiguous,none,none,v4,750,602,-148,v4,837,579,-258,v4,210,162,-48
single_instruction.tensor_2d_capacity,tensor_2d_length_g2s_u16_row32_b8192,g2s,tensor,tensor_2d_length_u16_row32,u16,2,8192,0,contiguous,none,none,v4,930,602,-328,v4,985,727,-258,v4,287,226,-61
single_instruction.common_matrix,interleave16_g2s_b16384_int,g2s,tensor,interleave,u16,3,16384,0,contiguous,16,none,v4,761,602,-159,v4,840,581,-259,v4,420,360,-60
single_instruction.common_matrix,interleave16_g2s_b16384_plain,g2s,tensor,interleave,u16,3,16384,0,contiguous,none,none,v4,1669,1491,-178,v4,1728,1469,-259,v4,420,355,-65
single_instruction.tensor_2d_capacity,tensor_2d_length_g2s_u16_row128_b16384,g2s,tensor,tensor_2d_length_u16_row128,u16,2,16384,0,contiguous,none,none,v4,760,602,-158,v4,837,579,-258,v4,419,354,-65
single_instruction.tensor_2d_capacity,tensor_2d_length_g2s_u16_row128_b32768,g2s,tensor,tensor_2d_length_u16_row128,u16,2,32768,0,contiguous,none,none,v4,908,750,-158,v4,1133,727,-406,v4,683,633,-50
single_instruction.common_matrix,dtype_g2s_u32_b128,g2s,tensor,dtype,u32,2,128,0,contiguous,none,none,v4,612,454,-158,v4,689,431,-258,v4,136,100,-36
single_instruction.common_matrix,dtype_g2s_u32_b4096,g2s,tensor,dtype,u32,2,4096,0,contiguous,none,none,v4,750,454,-296,v4,837,579,-258,v4,210,162,-48
single_instruction.common_matrix,dtype_g2s_u64_b128,g2s,tensor,dtype,u64,2,128,0,contiguous,none,none,v4,602,454,-148,v4,689,431,-258,v4,136,100,-36
single_instruction.common_matrix,dtype_g2s_u64_b4096,g2s,tensor,dtype,u64,2,4096,0,contiguous,none,none,v4,760,454,-306,v4,689,431,-258,v4,210,162,-48
single_instruction.tensor_2d_capacity,tensor_2d_length_g2s_u8_row32_b32,g2s,tensor,tensor_2d_length_u8_row32,u8,2,32,0,contiguous,none,none,v4,739,454,-285,v4,792,431,-361,v4,136,100,-36
single_instruction.tensor_2d_capacity,tensor_2d_length_g2s_u8_row32_b64,g2s,tensor,tensor_2d_length_u8_row32,u8,2,64,0,contiguous,none,none,v4,612,456,-156,v4,689,431,-258,v4,136,100,-36
single_instruction.tensor_2d_capacity,tensor_2d_length_g2s_u8_row32_b96,g2s,tensor,tensor_2d_length_u8_row32,u8,2,96,0,contiguous,none,none,v4,612,454,-158,v4,693,431,-262,v4,136,100,-36
single_instruction.common_matrix,dtype_g2s_u8_b128,g2s,tensor,dtype,u8,2,128,0,contiguous,none,none,v4,685,454,-231,v4,783,431,-352,v4,136,100,-36
single_instruction.common_matrix,rank_g2s_r1_b128,g2s,tensor,rank,u8,1,128,0,contiguous,none,none,v4,683,454,-229,v4,781,431,-350,v4,135,99,-36
single_instruction.common_matrix,rank_g2s_r2_b128,g2s,tensor,rank,u8,2,128,0,contiguous,none,none,v4,685,454,-231,v4,783,431,-352,v4,136,100,-36
single_instruction.common_matrix,rank_g2s_r3_b128,g2s,tensor,rank,u8,3,128,0,contiguous,none,none,v4,684,454,-230,v4,757,434,-323,v4,137,101,-36
single_instruction.common_matrix,rank_g2s_r4_b128,g2s,tensor,rank,u8,4,128,0,contiguous,none,none,v4,674,431,-243,v4,778,432,-346,v4,138,103,-35
single_instruction.common_matrix,rank_g2s_r5_b128,g2s,tensor,rank,u8,5,128,0,contiguous,none,none,v4,689,454,-235,v4,775,431,-344,v4,139,103,-36
single_instruction.common_matrix,subbox_g2s_small2d_offset,g2s,tensor,subbox,u8,2,128,0,contiguous,none,none,v4,612,455,-157,v4,689,431,-258,v4,142,106,-36
single_instruction.common_matrix,subbox_g2s_small2d_plain,g2s,tensor,subbox,u8,2,128,0,contiguous,none,none,v4,634,454,-180,v4,689,431,-258,v4,136,100,-36
single_instruction.tensor_2d_capacity,tensor_2d_length_g2s_u8_row128_b128,g2s,tensor,tensor_2d_length_u8_row128,u8,2,128,0,contiguous,none,none,v4,612,454,-158,v4,689,431,-258,v4,136,100,-36
single_instruction.tensor_2d_capacity,tensor_2d_length_g2s_u8_row32_b128,g2s,tensor,tensor_2d_length_u8_row32,u8,2,128,0,contiguous,none,none,v4,612,454,-158,v4,689,431,-258,v4,136,100,-36
single_instruction.common_matrix,tensor_capacity_g2s_b128,g2s,tensor,tensor_capacity,u8,2,128,0,contiguous,none,none,v4,685,454,-231,v4,783,431,-352,v4,136,100,-36
single_instruction.tensor_2d_capacity,tensor_2d_length_g2s_u8_row32_b160,g2s,tensor,tensor_2d_length_u8_row32,u8,2,160,0,contiguous,none,none,v4,750,454,-296,v4,676,431,-245,v4,138,102,-36
single_instruction.tensor_2d_capacity,tensor_2d_length_g2s_u8_row32_b192,g2s,tensor,tensor_2d_length_u8_row32,u8,2,192,0,contiguous,none,none,v4,750,454,-296,v4,689,431,-258,v4,138,102,-36
single_instruction.tensor_2d_capacity,tensor_2d_length_g2s_u8_row32_b224,g2s,tensor,tensor_2d_length_u8_row32,u8,2,224,0,contiguous,none,none,v4,602,454,-148,v4,689,431,-258,v4,138,102,-36
single_instruction.common_matrix,rank_g2s_r1_b256,g2s,tensor,rank,u8,1,256,0,contiguous,none,none,v4,683,454,-229,v4,781,431,-350,v4,137,101,-36
single_instruction.common_matrix,rank_g2s_r2_b256,g2s,tensor,rank,u8,2,256,0,contiguous,none,none,v4,685,454,-231,v4,783,431,-352,v4,138,102,-36
single_instruction.common_matrix,rank_g2s_r3_b256,g2s,tensor,rank,u8,3,256,0,contiguous,none,none,v4,684,454,-230,v4,757,433,-324,v4,139,103,-36
single_instruction.common_matrix,rank_g2s_r4_b256,g2s,tensor,rank,u8,4,256,0,contiguous,none,none,v4,674,431,-243,v4,777,431,-346,v4,140,105,-35
single_instruction.common_matrix,rank_g2s_r5_b256,g2s,tensor,rank,u8,5,256,0,contiguous,none,none,v4,637,454,-183,v4,687,431,-256,v4,141,105,-36
single_instruction.tensor_2d_capacity,tensor_2d_length_g2s_u8_row128_b256,g2s,tensor,tensor_2d_length_u8_row128,u8,2,256,0,contiguous,none,none,v4,602,454,-148,v4,691,431,-260,v4,138,102,-36
single_instruction.tensor_2d_capacity,tensor_2d_length_g2s_u8_row32_b256,g2s,tensor,tensor_2d_length_u8_row32,u8,2,256,0,contiguous,none,none,v4,602,454,-148,v4,676,431,-245,v4,138,102,-36
single_instruction.common_matrix,tensor_capacity_g2s_b256,g2s,tensor,tensor_capacity,u8,2,256,0,contiguous,none,none,v4,760,454,-306,v4,690,431,-259,v4,138,102,-36
single_instruction.tensor_2d_capacity,tensor_2d_length_g2s_u8_row32_b288,g2s,tensor,tensor_2d_length_u8_row32,u8,2,288,0,contiguous,none,none,v4,636,454,-182,v4,689,431,-258,v4,140,104,-36
single_instruction.tensor_2d_capacity,tensor_2d_length_g2s_u8_row32_b320,g2s,tensor,tensor_2d_length_u8_row32,u8,2,320,0,contiguous,none,none,v4,760,454,-306,v4,689,431,-258,v4,140,104,-36
single_instruction.tensor_2d_capacity,tensor_2d_length_g2s_u8_row32_b352,g2s,tensor,tensor_2d_length_u8_row32,u8,2,352,0,contiguous,none,none,v4,760,454,-306,v4,837,431,-406,v4,140,104,-36
single_instruction.tensor_2d_capacity,tensor_2d_length_g2s_u8_row32_b384,g2s,tensor,tensor_2d_length_u8_row32,u8,2,384,0,contiguous,none,none,v4,612,454,-158,v4,689,431,-258,v4,140,104,-36
single_instruction.tensor_2d_capacity,tensor_2d_length_g2s_u8_row32_b416,g2s,tensor,tensor_2d_length_u8_row32,u8,2,416,0,contiguous,none,none,v4,602,454,-148,v4,837,431,-406,v4,142,106,-36
single_instruction.tensor_2d_capacity,tensor_2d_length_g2s_u8_row32_b448,g2s,tensor,tensor_2d_length_u8_row32,u8,2,448,0,contiguous,none,none,v4,602,454,-148,v4,690,431,-259,v4,142,106,-36
single_instruction.tensor_2d_capacity,tensor_2d_length_g2s_u8_row32_b480,g2s,tensor,tensor_2d_length_u8_row32,u8,2,480,0,contiguous,none,none,v4,602,454,-148,v4,689,431,-258,v4,142,106,-36
single_instruction.tensor_2d_capacity,tensor_2d_length_g2s_u8_row128_b512,g2s,tensor,tensor_2d_length_u8_row128,u8,2,512,0,contiguous,none,none,v4,602,454,-148,v4,689,431,-258,v4,142,106,-36
single_instruction.tensor_2d_capacity,tensor_2d_length_g2s_u8_row32_b512,g2s,tensor,tensor_2d_length_u8_row32,u8,2,512,0,contiguous,none,none,v4,602,454,-148,v4,689,431,-258,v4,142,106,-36
single_instruction.common_matrix,tensor_capacity_g2s_b512,g2s,tensor,tensor_capacity,u8,2,512,0,contiguous,none,none,v4,612,454,-158,v4,689,431,-258,v4,142,106,-36
single_instruction.tensor_2d_capacity,tensor_2d_length_g2s_u8_row32_b640,g2s,tensor,tensor_2d_length_u8_row32,u8,2,640,0,contiguous,none,none,v4,637,454,-183,v4,689,431,-258,v4,144,108,-36
single_instruction.tensor_2d_capacity,tensor_2d_length_g2s_u8_row32_b768,g2s,tensor,tensor_2d_length_u8_row32,u8,2,768,0,contiguous,none,none,v4,760,454,-306,v4,689,431,-258,v4,146,110,-36
single_instruction.tensor_2d_capacity,tensor_2d_length_g2s_u8_row32_b896,g2s,tensor,tensor_2d_length_u8_row32,u8,2,896,0,contiguous,none,none,v4,760,454,-306,v4,689,431,-258,v4,148,112,-36
single_instruction.tensor_2d_capacity,tensor_2d_length_g2s_u8_row32_b992,g2s,tensor,tensor_2d_length_u8_row32,u8,2,992,0,contiguous,none,none,v4,612,454,-158,v4,689,431,-258,v4,150,114,-36
single_instruction.common_matrix,swizzle128_g2s_b1024_plain,g2s,tensor,swizzle,u8,2,1024,0,contiguous,none,none,v4,685,454,-231,v4,722,431,-291,v4,150,114,-36
single_instruction.common_matrix,swizzle128_g2s_b1024_swz,g2s,tensor,swizzle,u8,2,1024,0,contiguous,none,128,v4,760,454,-306,v4,689,431,-258,v4,150,114,-36
single_instruction.common_matrix,swizzle32_g2s_b1024_plain,g2s,tensor,swizzle,u8,2,1024,0,contiguous,none,none,v4,685,454,-231,v4,783,431,-352,v4,150,114,-36
single_instruction.common_matrix,swizzle32_g2s_b1024_swz,g2s,tensor,swizzle,u8,2,1024,0,contiguous,none,32,v4,760,454,-306,v4,689,431,-258,v4,150,114,-36
single_instruction.common_matrix,swizzle64_g2s_b1024_plain,g2s,tensor,swizzle,u8,2,1024,0,contiguous,none,none,v4,685,454,-231,v4,783,431,-352,v4,150,114,-36
single_instruction.common_matrix,swizzle64_g2s_b1024_swz,g2s,tensor,swizzle,u8,2,1024,0,contiguous,none,64,v4,760,454,-306,v4,689,431,-258,v4,150,114,-36
single_instruction.tensor_2d_capacity,tensor_2d_length_g2s_u8_row128_b1024,g2s,tensor,tensor_2d_length_u8_row128,u8,2,1024,0,contiguous,none,none,v4,750,454,-296,v4,689,431,-258,v4,150,114,-36
single_instruction.tensor_2d_capacity,tensor_2d_length_g2s_u8_row32_b1024,g2s,tensor,tensor_2d_length_u8_row32,u8,2,1024,0,contiguous,none,none,v4,750,454,-296,v4,689,431,-258,v4,150,114,-36
single_instruction.common_matrix,tensor_capacity_g2s_b1024,g2s,tensor,tensor_capacity,u8,2,1024,0,contiguous,none,none,v4,612,454,-158,v4,689,431,-258,v4,150,114,-36
single_instruction.tensor_2d_capacity,tensor_2d_length_g2s_u8_row32_b1056,g2s,tensor,tensor_2d_length_u8_row32,u8,2,1056,0,contiguous,none,none,v4,750,454,-296,v4,837,579,-258,v4,152,116,-36
single_instruction.tensor_2d_capacity,tensor_2d_length_g2s_u8_row32_b1152,g2s,tensor,tensor_2d_length_u8_row32,u8,2,1152,0,contiguous,none,none,v4,750,454,-296,v4,689,579,-110,v4,152,116,-36
single_instruction.tensor_2d_capacity,tensor_2d_length_g2s_u8_row32_b1280,g2s,tensor,tensor_2d_length_u8_row32,u8,2,1280,0,contiguous,none,none,v4,750,454,-296,v4,841,579,-262,v4,155,118,-37
single_instruction.tensor_2d_capacity,tensor_2d_length_g2s_u8_row32_b1408,g2s,tensor,tensor_2d_length_u8_row32,u8,2,1408,0,contiguous,none,none,v4,782,454,-328,v4,837,579,-258,v4,158,120,-38
single_instruction.tensor_2d_capacity,tensor_2d_length_g2s_u8_row32_b1536,g2s,tensor,tensor_2d_length_u8_row32,u8,2,1536,0,contiguous,none,none,v4,760,454,-306,v4,837,431,-406,v4,161,122,-39
single_instruction.tensor_2d_capacity,tensor_2d_length_g2s_u8_row32_b1664,g2s,tensor,tensor_2d_length_u8_row32,u8,2,1664,0,contiguous,none,none,v4,760,454,-306,v4,689,431,-258,v4,164,124,-40
single_instruction.tensor_2d_capacity,tensor_2d_length_g2s_u8_row32_b1792,g2s,tensor,tensor_2d_length_u8_row32,u8,2,1792,0,contiguous,none,none,v4,762,454,-308,v4,837,579,-258,v4,167,126,-41
single_instruction.tensor_2d_capacity,tensor_2d_length_g2s_u8_row32_b1920,g2s,tensor,tensor_2d_length_u8_row32,u8,2,1920,0,contiguous,none,none,v4,750,454,-296,v4,837,579,-258,v4,170,128,-42
single_instruction.tensor_2d_capacity,tensor_2d_length_g2s_u8_row32_b2016,g2s,tensor,tensor_2d_length_u8_row32,u8,2,2016,0,contiguous,none,none,v4,754,456,-298,v4,837,579,-258,v4,173,130,-43
single_instruction.tensor_2d_capacity,tensor_2d_length_g2s_u8_row128_b2048,g2s,tensor,tensor_2d_length_u8_row128,u8,2,2048,0,contiguous,none,none,v4,750,454,-296,v4,837,579,-258,v4,173,130,-43
single_instruction.tensor_2d_capacity,tensor_2d_length_g2s_u8_row32_b2048,g2s,tensor,tensor_2d_length_u8_row32,u8,2,2048,0,contiguous,none,none,v4,750,454,-296,v4,690,431,-259,v4,173,130,-43
single_instruction.common_matrix,tensor_capacity_g2s_b2048,g2s,tensor,tensor_capacity,u8,2,2048,0,contiguous,none,none,v4,750,454,-296,v4,689,431,-258,v4,173,130,-43
single_instruction.tensor_2d_capacity,tensor_2d_length_g2s_u8_row32_b2080,g2s,tensor,tensor_2d_length_u8_row32,u8,2,2080,0,contiguous,none,none,v4,750,454,-296,v4,837,579,-258,v4,176,132,-44
single_instruction.tensor_2d_capacity,tensor_2d_length_g2s_u8_row32_b2560,g2s,tensor,tensor_2d_length_u8_row32,u8,2,2560,0,contiguous,none,none,v4,785,454,-331,v4,837,579,-258,v4,184,138,-46
single_instruction.tensor_2d_capacity,tensor_2d_length_g2s_u8_row32_b3072,g2s,tensor,tensor_2d_length_u8_row32,u8,2,3072,0,contiguous,none,none,v4,760,602,-158,v4,837,579,-258,v4,193,146,-47
single_instruction.tensor_2d_capacity,tensor_2d_length_g2s_u8_row32_b3584,g2s,tensor,tensor_2d_length_u8_row32,u8,2,3584,0,contiguous,none,none,v4,760,454,-306,v4,837,579,-258,v4,201,154,-47
single_instruction.tensor_2d_capacity,tensor_2d_length_g2s_u8_row32_b4064,g2s,tensor,tensor_2d_length_u8_row32,u8,2,4064,0,contiguous,none,none,v4,760,602,-158,v4,837,579,-258,v4,210,162,-48
single_instruction.common_matrix,dtype_g2s_u8_b4096,g2s,tensor,dtype,u8,2,4096,0,contiguous,none,none,v4,750,454,-296,v4,837,579,-258,v4,210,162,-48
single_instruction.common_matrix,oob_g2s_left100,g2s,tensor,oob,u8,2,4096,0,contiguous,none,none,v4,750,454,-296,v4,837,431,-406,v4,149,122,-27
single_instruction.common_matrix,oob_g2s_left12p5,g2s,tensor,oob,u8,2,4096,0,contiguous,none,none,v4,760,454,-306,v4,837,579,-258,v4,198,168,-30
single_instruction.common_matrix,oob_g2s_left25,g2s,tensor,oob,u8,2,4096,0,contiguous,none,none,v4,764,454,-310,v4,837,579,-258,v4,198,168,-30
single_instruction.common_matrix,oob_g2s_left50,g2s,tensor,oob,u8,2,4096,0,contiguous,none,none,v4,760,454,-306,v4,689,579,-110,v4,198,168,-30
single_instruction.common_matrix,oob_g2s_outer75,g2s,tensor,oob,u8,2,4096,0,contiguous,none,none,v4,750,454,-296,v4,689,579,-110,v4,157,130,-27
single_instruction.common_matrix,oob_g2s_plain,g2s,tensor,oob,u8,2,4096,0,contiguous,none,none,v4,782,454,-328,v4,700,579,-121,v4,210,162,-48
single_instruction.common_matrix,oob_g2s_right25,g2s,tensor,oob,u8,2,4096,0,contiguous,none,none,v4,750,457,-293,v4,837,579,-258,v4,198,168,-30
single_instruction.common_matrix,rank_g2s_r2_b4096,g2s,tensor,rank,u8,2,4096,0,contiguous,none,none,v4,634,454,-180,v4,689,579,-110,v4,210,162,-48
single_instruction.common_matrix,rank_g2s_r3_b4096,g2s,tensor,rank,u8,3,4096,0,contiguous,none,none,v4,781,454,-327,v4,840,581,-259,v4,211,163,-48
single_instruction.common_matrix,rank_g2s_r4_b4096,g2s,tensor,rank,u8,4,4096,0,contiguous,none,none,v4,747,579,-168,v4,749,579,-170,v4,212,165,-47
single_instruction.common_matrix,rank_g2s_r5_b4096,g2s,tensor,rank,u8,5,4096,0,contiguous,none,none,v4,933,602,-331,v4,983,730,-253,v4,213,165,-48
single_instruction.common_matrix,stride_g2s_s128,g2s,tensor,stride,u8,2,4096,0,contiguous,none,none,v4,634,454,-180,v4,689,431,-258,v4,210,162,-48
single_instruction.common_matrix,stride_g2s_s144,g2s,tensor,stride,u8,2,4096,0,pitched,none,none,v4,760,454,-306,v4,837,579,-258,v4,258,188,-70
single_instruction.common_matrix,stride_g2s_s256,g2s,tensor,stride,u8,2,4096,0,pitched,none,none,v4,760,454,-306,v4,689,579,-110,v4,210,162,-48
single_instruction.common_matrix,stride_g2s_s512,g2s,tensor,stride,u8,2,4096,0,pitched,none,none,v4,762,454,-308,v4,837,579,-258,v4,210,162,-48
single_instruction.common_matrix,subbox_g2s_large2d_offset,g2s,tensor,subbox,u8,2,4096,0,contiguous,none,none,v4,760,454,-306,v4,689,431,-258,v4,288,226,-62
single_instruction.common_matrix,subbox_g2s_large2d_plain,g2s,tensor,subbox,u8,2,4096,0,contiguous,none,none,v4,760,454,-306,v4,689,431,-258,v4,210,162,-48
single_instruction.common_matrix,subbox_g2s_large3d_offset,g2s,tensor,subbox,u8,3,4096,0,contiguous,none,none,v4,761,454,-307,v4,840,581,-259,v4,289,227,-62
single_instruction.common_matrix,subbox_g2s_large3d_plain,g2s,tensor,subbox,u8,3,4096,0,contiguous,none,none,v4,684,454,-230,v4,757,581,-176,v4,211,163,-48
single_instruction.common_matrix,swizzle128_g2s_b4096_plain,g2s,tensor,swizzle,u8,3,4096,0,contiguous,none,none,v4,678,454,-224,v4,754,433,-321,v4,211,163,-48
single_instruction.common_matrix,swizzle128_g2s_b4096_swz,g2s,tensor,swizzle,u8,3,4096,0,contiguous,none,128,v4,761,457,-304,v4,840,581,-259,v4,211,163,-48
single_instruction.common_matrix,swizzle32_g2s_b4096_plain,g2s,tensor,swizzle,u8,3,4096,0,contiguous,none,none,v4,684,454,-230,v4,905,581,-324,v4,211,163,-48
single_instruction.common_matrix,swizzle32_g2s_b4096_swz,g2s,tensor,swizzle,u8,3,4096,0,contiguous,none,32,v4,761,454,-307,v4,840,581,-259,v4,211,163,-48
single_instruction.common_matrix,swizzle64_g2s_b4096_plain,g2s,tensor,swizzle,u8,3,4096,0,contiguous,none,none,v4,826,454,-372,v4,754,581,-173,v4,211,163,-48
single_instruction.common_matrix,swizzle64_g2s_b4096_swz,g2s,tensor,swizzle,u8,3,4096,0,contiguous,none,64,v4,761,454,-307,v4,840,581,-259,v4,211,163,-48
single_instruction.tensor_2d_capacity,tensor_2d_length_g2s_u8_row128_b4096,g2s,tensor,tensor_2d_length_u8_row128,u8,2,4096,0,contiguous,none,none,v4,782,454,-328,v4,837,431,-406,v4,210,162,-48
single_instruction.tensor_2d_capacity,tensor_2d_length_g2s_u8_row32_b4096,g2s,tensor,tensor_2d_length_u8_row32,u8,2,4096,0,contiguous,none,none,v4,750,602,-148,v4,837,579,-258,v4,210,162,-48
single_instruction.common_matrix,tensor_base_g2s_mod128_0,g2s,tensor,base_alignment,u8,2,4096,0,contiguous,none,none,v4,685,454,-231,v4,783,579,-204,v4,210,162,-48
single_instruction.common_matrix,tensor_base_g2s_mod128_112,g2s,tensor,base_alignment,u8,2,4096,112,contiguous,none,none,v4,898,454,-444,v4,1133,579,-554,v4,255,190,-65
single_instruction.common_matrix,tensor_base_g2s_mod128_16,g2s,tensor,base_alignment,u8,2,4096,16,contiguous,none,none,v4,1056,454,-602,v4,1429,579,-850,v4,255,190,-65
single_instruction.common_matrix,tensor_base_g2s_mod128_32,g2s,tensor,base_alignment,u8,2,4096,32,contiguous,none,none,v4,760,454,-306,v4,841,579,-262,v4,255,190,-65
single_instruction.common_matrix,tensor_base_g2s_mod128_64,g2s,tensor,base_alignment,u8,2,4096,64,contiguous,none,none,v4,760,454,-306,v4,689,579,-110,v4,255,190,-65
single_instruction.common_matrix,tensor_capacity_g2s_b4096,g2s,tensor,tensor_capacity,u8,2,4096,0,contiguous,none,none,v4,750,454,-296,v4,837,579,-258,v4,210,162,-48
single_instruction.tensor_2d_capacity,tensor_2d_length_g2s_u8_row32_b4128,g2s,tensor,tensor_2d_length_u8_row32,u8,2,4128,0,contiguous,none,none,v4,750,602,-148,v4,837,579,-258,v4,224,164,-60
single_instruction.tensor_2d_capacity,tensor_2d_length_g2s_u8_row32_b4608,g2s,tensor,tensor_2d_length_u8_row32,u8,2,4608,0,contiguous,none,none,v4,750,602,-148,v4,837,579,-258,v4,230,170,-60
single_instruction.tensor_2d_capacity,tensor_2d_length_g2s_u8_row32_b5120,g2s,tensor,tensor_2d_length_u8_row32,u8,2,5120,0,contiguous,none,none,v4,898,602,-296,v4,837,579,-258,v4,239,178,-61
single_instruction.tensor_2d_capacity,tensor_2d_length_g2s_u8_row32_b5632,g2s,tensor,tensor_2d_length_u8_row32,u8,2,5632,0,contiguous,none,none,v4,782,602,-180,v4,837,579,-258,v4,247,186,-61
single_instruction.tensor_2d_capacity,tensor_2d_length_g2s_u8_row32_b6144,g2s,tensor,tensor_2d_length_u8_row32,u8,2,6144,0,contiguous,none,none,v4,908,603,-305,v4,985,727,-258,v4,255,194,-61
single_instruction.tensor_2d_capacity,tensor_2d_length_g2s_u8_row32_b6656,g2s,tensor,tensor_2d_length_u8_row32,u8,2,6656,0,contiguous,none,none,v4,908,605,-303,v4,985,727,-258,v4,263,202,-61
single_instruction.tensor_2d_capacity,tensor_2d_length_g2s_u8_row32_b7168,g2s,tensor,tensor_2d_length_u8_row32,u8,2,7168,0,contiguous,none,none,v4,908,602,-306,v4,985,727,-258,v4,271,210,-61
single_instruction.tensor_2d_capacity,tensor_2d_length_g2s_u8_row32_b7680,g2s,tensor,tensor_2d_length_u8_row32,u8,2,7680,0,contiguous,none,none,v4,898,602,-296,v4,985,727,-258,v4,279,218,-61
single_instruction.tensor_2d_capacity,tensor_2d_length_g2s_u8_row64_b8128,g2s,tensor,tensor_2d_length_u8_row64,u8,2,8128,0,contiguous,none,none,v4,750,602,-148,v4,837,579,-258,v4,287,229,-58
single_instruction.tensor_2d_capacity,tensor_2d_length_g2s_u8_row32_b8160,g2s,tensor,tensor_2d_length_u8_row32,u8,2,8160,0,contiguous,none,none,v4,898,750,-148,v4,985,727,-258,v4,287,226,-61
single_instruction.tensor_2d_capacity,tensor_2d_length_g2s_u8_row128_b8192,g2s,tensor,tensor_2d_length_u8_row128,u8,2,8192,0,contiguous,none,none,v4,760,454,-306,v4,837,583,-254,v4,287,226,-61
single_instruction.tensor_2d_capacity,tensor_2d_length_g2s_u8_row32_b8192,g2s,tensor,tensor_2d_length_u8_row32,u8,2,8192,0,contiguous,none,none,v4,898,602,-296,v4,985,728,-257,v4,287,229,-58
single_instruction.tensor_2d_capacity,tensor_2d_length_g2s_u8_row64_b8192,g2s,tensor,tensor_2d_length_u8_row64,u8,2,8192,0,contiguous,none,none,v4,785,602,-183,v4,837,579,-258,v4,287,226,-61
single_instruction.common_matrix,tensor_capacity_g2s_b8192,g2s,tensor,tensor_capacity,u8,2,8192,0,contiguous,none,none,v4,750,454,-296,v4,837,579,-258,v4,287,226,-61
single_instruction.tensor_2d_capacity,tensor_2d_length_g2s_u8_row64_b8256,g2s,tensor,tensor_2d_length_u8_row64,u8,2,8256,0,contiguous,none,none,v4,760,602,-158,v4,837,579,-258,v4,290,228,-62
single_instruction.tensor_2d_capacity,tensor_2d_length_g2s_u8_row64_b8704,g2s,tensor,tensor_2d_length_u8_row64,u8,2,8704,0,contiguous,none,none,v4,760,602,-158,v4,837,579,-258,v4,296,234,-62
single_instruction.tensor_2d_capacity,tensor_2d_length_g2s_u8_row64_b9216,g2s,tensor,tensor_2d_length_u8_row64,u8,2,9216,0,contiguous,none,none,v4,760,602,-158,v4,837,579,-258,v4,304,242,-62
single_instruction.tensor_2d_capacity,tensor_2d_length_g2s_u8_row64_b9728,g2s,tensor,tensor_2d_length_u8_row64,u8,2,9728,0,contiguous,none,none,v4,898,602,-296,v4,837,579,-258,v4,312,250,-62
single_instruction.tensor_2d_capacity,tensor_2d_length_g2s_u8_row64_b10240,g2s,tensor,tensor_2d_length_u8_row64,u8,2,10240,0,contiguous,none,none,v4,750,602,-148,v4,837,579,-258,v4,320,259,-61
single_instruction.tensor_2d_capacity,tensor_2d_length_g2s_u8_row64_b10752,g2s,tensor,tensor_2d_length_u8_row64,u8,2,10752,0,contiguous,none,none,v4,898,602,-296,v4,837,579,-258,v4,329,271,-58
single_instruction.tensor_2d_capacity,tensor_2d_length_g2s_u8_row64_b11264,g2s,tensor,tensor_2d_length_u8_row64,u8,2,11264,0,contiguous,none,none,v4,898,602,-296,v4,985,579,-406,v4,337,274,-63
single_instruction.tensor_2d_capacity,tensor_2d_length_g2s_u8_row64_b11776,g2s,tensor,tensor_2d_length_u8_row64,u8,2,11776,0,contiguous,none,none,v4,782,602,-180,v4,837,579,-258,v4,345,282,-63
single_instruction.tensor_2d_capacity,tensor_2d_length_g2s_u8_row64_b12288,g2s,tensor,tensor_2d_length_u8_row64,u8,2,12288,0,contiguous,none,none,v4,908,602,-306,v4,985,727,-258,v4,353,293,-60
single_instruction.tensor_2d_capacity,tensor_2d_length_g2s_u8_row64_b12800,g2s,tensor,tensor_2d_length_u8_row64,u8,2,12800,0,contiguous,none,none,v4,760,602,-158,v4,985,727,-258,v4,362,298,-64
single_instruction.tensor_2d_capacity,tensor_2d_length_g2s_u8_row64_b13312,g2s,tensor,tensor_2d_length_u8_row64,u8,2,13312,0,contiguous,none,none,v4,908,602,-306,v4,985,727,-258,v4,370,306,-64
single_instruction.tensor_2d_capacity,tensor_2d_length_g2s_u8_row64_b13824,g2s,tensor,tensor_2d_length_u8_row64,u8,2,13824,0,contiguous,none,none,v4,898,602,-296,v4,985,727,-258,v4,378,314,-64
single_instruction.tensor_2d_capacity,tensor_2d_length_g2s_u8_row64_b14336,g2s,tensor,tensor_2d_length_u8_row64,u8,2,14336,0,contiguous,none,none,v4,901,604,-297,v4,985,727,-258,v4,386,328,-58
single_instruction.tensor_2d_capacity,tensor_2d_length_g2s_u8_row64_b14848,g2s,tensor,tensor_2d_length_u8_row64,u8,2,14848,0,contiguous,none,none,v4,898,602,-296,v4,985,727,-258,v4,395,330,-65
single_instruction.tensor_2d_capacity,tensor_2d_length_g2s_u8_row64_b15360,g2s,tensor,tensor_2d_length_u8_row64,u8,2,15360,0,contiguous,none,none,v4,898,602,-296,v4,985,727,-258,v4,403,347,-56
single_instruction.tensor_2d_capacity,tensor_2d_length_g2s_u8_row64_b15872,g2s,tensor,tensor_2d_length_u8_row64,u8,2,15872,0,contiguous,none,none,v4,933,603,-330,v4,987,727,-260,v4,411,346,-65
single_instruction.tensor_2d_capacity,tensor_2d_length_g2s_u8_row128_b16256,g2s,tensor,tensor_2d_length_u8_row128,u8,2,16256,0,contiguous,none,none,v4,760,602,-158,v4,837,579,-258,v4,417,352,-65
single_instruction.tensor_2d_capacity,tensor_2d_length_g2s_u8_row64_b16320,g2s,tensor,tensor_2d_length_u8_row64,u8,2,16320,0,contiguous,none,none,v4,908,750,-158,v4,985,727,-258,v4,419,356,-63
single_instruction.common_matrix,swizzle128_g2s_b16384_plain,g2s,tensor,swizzle,u8,3,16384,0,contiguous,none,none,v4,781,602,-179,v4,840,581,-259,v4,420,356,-64
single_instruction.common_matrix,swizzle128_g2s_b16384_swz,g2s,tensor,swizzle,u8,3,16384,0,contiguous,none,128,v4,761,602,-159,v4,840,581,-259,v4,420,360,-60
single_instruction.common_matrix,swizzle32_g2s_b16384_plain,g2s,tensor,swizzle,u8,3,16384,0,contiguous,none,none,v4,1130,899,-231,v4,1201,1026,-175,v4,420,355,-65
single_instruction.common_matrix,swizzle32_g2s_b16384_swz,g2s,tensor,swizzle,u8,3,16384,0,contiguous,none,32,v4,1205,898,-307,v4,1284,1025,-259,v4,420,355,-65
single_instruction.common_matrix,swizzle64_g2s_b16384_plain,g2s,tensor,swizzle,u8,3,16384,0,contiguous,none,none,v4,929,750,-179,v4,988,729,-259,v4,420,357,-63
single_instruction.common_matrix,swizzle64_g2s_b16384_swz,g2s,tensor,swizzle,u8,3,16384,0,contiguous,none,64,v4,909,750,-159,v4,988,729,-259,v4,420,357,-63
single_instruction.tensor_2d_capacity,tensor_2d_length_g2s_u8_row128_b16384,g2s,tensor,tensor_2d_length_u8_row128,u8,2,16384,0,contiguous,none,none,v4,760,602,-158,v4,837,579,-258,v4,419,356,-63
single_instruction.tensor_2d_capacity,tensor_2d_length_g2s_u8_row64_b16384,g2s,tensor,tensor_2d_length_u8_row64,u8,2,16384,0,contiguous,none,none,v4,908,602,-306,v4,985,727,-258,v4,419,359,-60
single_instruction.common_matrix,tensor_capacity_g2s_b16384,g2s,tensor,tensor_capacity,u8,2,16384,0,contiguous,none,none,v4,750,602,-148,v4,837,579,-258,v4,419,356,-63
single_instruction.tensor_2d_capacity,tensor_2d_length_g2s_u8_row128_b16512,g2s,tensor,tensor_2d_length_u8_row128,u8,2,16512,0,contiguous,none,none,v4,750,602,-148,v4,837,579,-258,v4,422,358,-64
single_instruction.tensor_2d_capacity,tensor_2d_length_g2s_u8_row128_b17408,g2s,tensor,tensor_2d_length_u8_row128,u8,2,17408,0,contiguous,none,none,v4,750,602,-148,v4,985,579,-406,v4,436,370,-66
single_instruction.tensor_2d_capacity,tensor_2d_length_g2s_u8_row128_b18432,g2s,tensor,tensor_2d_length_u8_row128,u8,2,18432,0,contiguous,none,none,v4,898,602,-296,v4,837,579,-258,v4,452,393,-59
single_instruction.tensor_2d_capacity,tensor_2d_length_g2s_u8_row128_b20480,g2s,tensor,tensor_2d_length_u8_row128,u8,2,20480,0,contiguous,none,none,v4,898,602,-296,v4,985,727,-258,v4,485,432,-53
single_instruction.tensor_2d_capacity,tensor_2d_length_g2s_u8_row128_b22528,g2s,tensor,tensor_2d_length_u8_row128,u8,2,22528,0,contiguous,none,none,v4,933,602,-331,v4,985,727,-258,v4,518,455,-63
single_instruction.tensor_2d_capacity,tensor_2d_length_g2s_u8_row128_b24576,g2s,tensor,tensor_2d_length_u8_row128,u8,2,24576,0,contiguous,none,none,v4,908,602,-306,v4,985,727,-258,v4,551,494,-57
single_instruction.tensor_2d_capacity,tensor_2d_length_g2s_u8_row128_b28672,g2s,tensor,tensor_2d_length_u8_row128,u8,2,28672,0,contiguous,none,none,v4,908,750,-158,v4,985,727,-258,v4,617,560,-57
single_instruction.common_matrix,rank_g2s_r2_b32768,g2s,tensor,rank,u8,2,32768,0,contiguous,none,none,v4,930,750,-180,v4,985,727,-258,v4,683,629,-54
single_instruction.common_matrix,rank_g2s_r3_b32768,g2s,tensor,rank,u8,3,32768,0,contiguous,none,none,v4,929,750,-179,v4,988,730,-258,v4,684,626,-58
single_instruction.common_matrix,rank_g2s_r4_b32768,g2s,tensor,rank,u8,4,32768,0,contiguous,none,none,v4,1191,875,-316,v4,1193,1023,-170,v4,685,639,-46
single_instruction.common_matrix,rank_g2s_r5_b32768,g2s,tensor,rank,u8,5,32768,0,contiguous,none,none,v4,1676,1490,-186,v4,1723,1467,-256,v4,686,632,-54
single_instruction.tensor_2d_capacity,tensor_2d_length_g2s_u8_row128_b32768,g2s,tensor,tensor_2d_length_u8_row128,u8,2,32768,0,contiguous,none,none,v4,1056,750,-306,v4,1133,727,-406,v4,683,629,-54
single_instruction.common_matrix,tensor_capacity_g2s_b32768,g2s,tensor,tensor_capacity,u8,2,32768,0,contiguous,none,none,v4,930,750,-180,v4,985,727,-258,v4,683,636,-47
single_instruction.common_matrix,bulk_capacity_s2g_b16,s2g,bulk,bulk_capacity,u8,2,16,0,contiguous,none,none,v4,43,43,0,v4,43,43,0,v4,57,57,0
single_instruction.common_matrix,bulk_capacity_s2g_b32,s2g,bulk,bulk_capacity,u8,2,32,0,contiguous,none,none,v4,43,43,0,v4,43,43,0,v4,57,57,0
single_instruction.common_matrix,bulk_capacity_s2g_b64,s2g,bulk,bulk_capacity,u8,2,64,0,contiguous,none,none,v4,43,43,0,v4,43,43,0,v4,57,57,0
single_instruction.common_matrix,bulk_capacity_s2g_b128,s2g,bulk,bulk_capacity,u8,2,128,0,contiguous,none,none,v4,47,47,0,v4,47,47,0,v4,57,57,0
single_instruction.common_matrix,bulk_capacity_s2g_b256,s2g,bulk,bulk_capacity,u8,2,256,0,contiguous,none,none,v4,51,51,0,v4,51,51,0,v4,59,59,0
single_instruction.common_matrix,bulk_capacity_s2g_b512,s2g,bulk,bulk_capacity,u8,2,512,0,contiguous,none,none,v4,59,59,0,v4,59,59,0,v4,63,63,0
single_instruction.common_matrix,bulk_capacity_s2g_b1024,s2g,bulk,bulk_capacity,u8,2,1024,0,contiguous,none,none,v4,75,75,0,v4,75,75,0,v4,72,80,8
single_instruction.common_matrix,bulk_capacity_s2g_b2048,s2g,bulk,bulk_capacity,u8,2,2048,0,contiguous,none,none,v4,107,107,0,v4,107,107,0,v4,104,111,7
single_instruction.common_matrix,bulk_base_s2g_mod128_0,s2g,bulk,base_alignment,u8,2,4096,0,contiguous,none,none,v4,171,171,0,v4,171,171,0,v4,152,172,20
single_instruction.common_matrix,bulk_base_s2g_mod128_112,s2g,bulk,base_alignment,u8,2,4096,112,contiguous,none,none,v4,266,266,0,v4,173,173,0,v4,220,245,25
single_instruction.common_matrix,bulk_base_s2g_mod128_16,s2g,bulk,base_alignment,u8,2,4096,16,contiguous,none,none,v4,267,267,0,v4,172,172,0,v4,220,245,25
single_instruction.common_matrix,bulk_base_s2g_mod128_32,s2g,bulk,base_alignment,u8,2,4096,32,contiguous,none,none,v4,170,170,0,v4,171,171,0,v4,220,245,25
single_instruction.common_matrix,bulk_base_s2g_mod128_64,s2g,bulk,base_alignment,u8,2,4096,64,contiguous,none,none,v4,169,169,0,v4,171,171,0,v4,220,245,25
single_instruction.common_matrix,bulk_capacity_s2g_b4096,s2g,bulk,bulk_capacity,u8,2,4096,0,contiguous,none,none,v4,171,171,0,v4,171,171,0,v4,152,172,20
single_instruction.common_matrix,bulk_capacity_s2g_b8192,s2g,bulk,bulk_capacity,u8,2,8192,0,contiguous,none,none,v4,299,299,0,v4,299,299,0,v4,248,261,13
single_instruction.common_matrix,bulk_capacity_s2g_b16384,s2g,bulk,bulk_capacity,u8,2,16384,0,contiguous,none,none,v4,555,555,0,v4,555,555,0,v4,436,458,22
single_instruction.common_matrix,bulk_capacity_s2g_b32768,s2g,bulk,bulk_capacity,u8,2,32768,0,contiguous,none,none,v4,1067,1067,0,v4,1067,1067,0,v4,824,838,14
single_instruction.common_matrix,dtype_s2g_bf16_b128,s2g,tensor,dtype,bf16,2,128,0,contiguous,none,none,v4,318,49,-269,v4,305,51,-254,v4,109,82,-27
single_instruction.common_matrix,dtype_s2g_bf16_b4096,s2g,tensor,dtype,bf16,2,4096,0,contiguous,none,none,v4,438,173,-265,v4,433,175,-258,v4,204,186,-18
single_instruction.common_matrix,dtype_s2g_f16_b128,s2g,tensor,dtype,f16,2,128,0,contiguous,none,none,v4,311,49,-262,v4,301,51,-250,v4,109,82,-27
single_instruction.common_matrix,dtype_s2g_f16_b4096,s2g,tensor,dtype,f16,2,4096,0,contiguous,none,none,v4,403,173,-230,v4,412,175,-237,v4,204,186,-18
single_instruction.common_matrix,dtype_s2g_f32_b128,s2g,tensor,dtype,f32,2,128,0,contiguous,none,none,v4,310,49,-261,v4,315,51,-264,v4,109,82,-27
single_instruction.common_matrix,dtype_s2g_f32_b4096,s2g,tensor,dtype,f32,2,4096,0,contiguous,none,none,v4,402,173,-229,v4,422,175,-247,v4,204,186,-18
single_instruction.common_matrix,dtype_s2g_f32_ftz_b128,s2g,tensor,dtype,f32_ftz,2,128,0,contiguous,none,none,v4,278,49,-229,v4,311,51,-260,v4,109,82,-27
single_instruction.common_matrix,dtype_s2g_f32_ftz_b4096,s2g,tensor,dtype,f32_ftz,2,4096,0,contiguous,none,none,v4,433,173,-260,v4,436,175,-261,v4,204,186,-18
single_instruction.common_matrix,dtype_s2g_f64_b128,s2g,tensor,dtype,f64,2,128,0,contiguous,none,none,v4,290,49,-241,v4,301,51,-250,v4,109,82,-27
single_instruction.common_matrix,dtype_s2g_f64_b4096,s2g,tensor,dtype,f64,2,4096,0,contiguous,none,none,v4,427,173,-254,v4,419,175,-244,v4,204,186,-18
single_instruction.common_matrix,dtype_s2g_s32_b128,s2g,tensor,dtype,s32,2,128,0,contiguous,none,none,v4,305,49,-256,v4,306,51,-255,v4,109,82,-27
single_instruction.common_matrix,dtype_s2g_s32_b4096,s2g,tensor,dtype,s32,2,4096,0,contiguous,none,none,v4,407,173,-234,v4,448,175,-273,v4,204,186,-18
single_instruction.common_matrix,dtype_s2g_s64_b128,s2g,tensor,dtype,s64,2,128,0,contiguous,none,none,v4,281,49,-232,v4,288,51,-237,v4,109,82,-27
single_instruction.common_matrix,dtype_s2g_s64_b4096,s2g,tensor,dtype,s64,2,4096,0,contiguous,none,none,v4,445,173,-272,v4,453,175,-278,v4,204,186,-18
single_instruction.common_matrix,dtype_s2g_tf32_b128,s2g,tensor,dtype,tf32,2,128,0,contiguous,none,none,v4,274,49,-225,v4,290,51,-239,v4,109,82,-27
single_instruction.common_matrix,dtype_s2g_tf32_b4096,s2g,tensor,dtype,tf32,2,4096,0,contiguous,none,none,v4,410,173,-237,v4,437,175,-262,v4,204,186,-18
single_instruction.common_matrix,dtype_s2g_tf32_ftz_b128,s2g,tensor,dtype,tf32_ftz,2,128,0,contiguous,none,none,v4,275,49,-226,v4,306,51,-255,v4,109,82,-27
single_instruction.common_matrix,dtype_s2g_tf32_ftz_b4096,s2g,tensor,dtype,tf32_ftz,2,4096,0,contiguous,none,none,v4,395,173,-222,v4,426,175,-251,v4,204,186,-18
single_instruction.common_matrix,dtype_s2g_u16_b128,s2g,tensor,dtype,u16,2,128,0,contiguous,none,none,v4,290,49,-241,v4,299,51,-248,v4,109,82,-27
single_instruction.tensor_2d_capacity,tensor_2d_length_s2g_u16_row32_b128,s2g,tensor,tensor_2d_length_u16_row32,u16,2,128,0,contiguous,none,none,v4,292,46,-246,v4,331,48,-283,v4,109,82,-27
single_instruction.tensor_2d_capacity,tensor_2d_length_s2g_u16_row32_b256,s2g,tensor,tensor_2d_length_u16_row32,u16,2,256,0,contiguous,none,none,v4,296,50,-246,v4,331,52,-279,v4,111,84,-27
single_instruction.common_matrix,interleave16_s2g_b1024_int,s2g,tensor,interleave,u16,3,1024,0,contiguous,16,none,v4,310,78,-232,v4,358,80,-278,v4,125,126,1
single_instruction.common_matrix,interleave16_s2g_b1024_plain,s2g,tensor,interleave,u16,3,1024,0,contiguous,none,none,v4,401,171,-230,v4,348,109,-239,v4,125,126,1
single_instruction.tensor_2d_capacity,tensor_2d_length_s2g_u16_row32_b1024,s2g,tensor,tensor_2d_length_u16_row32,u16,2,1024,0,contiguous,none,none,v4,304,74,-230,v4,330,76,-254,v4,124,125,1
single_instruction.common_matrix,dtype_s2g_u16_b4096,s2g,tensor,dtype,u16,2,4096,0,contiguous,none,none,v4,432,173,-259,v4,437,175,-262,v4,204,186,-18
single_instruction.common_matrix,interleave16_s2g_b4096_int,s2g,tensor,interleave,u16,3,4096,0,contiguous,16,none,v4,404,174,-230,v4,440,176,-264,v4,205,187,-18
single_instruction.common_matrix,interleave16_s2g_b4096_plain,s2g,tensor,interleave,u16,3,4096,0,contiguous,none,none,v4,783,555,-228,v4,543,301,-242,v4,205,187,-18
single_instruction.tensor_2d_capacity,tensor_2d_length_s2g_u16_row32_b4096,s2g,tensor,tensor_2d_length_u16_row32,u16,2,4096,0,contiguous,none,none,v4,402,170,-232,v4,439,172,-267,v4,204,186,-18
single_instruction.tensor_2d_capacity,tensor_2d_length_s2g_u16_row32_b8192,s2g,tensor,tensor_2d_length_u16_row32,u16,2,8192,0,contiguous,none,none,v4,560,298,-262,v4,572,300,-272,v4,298,296,-2
single_instruction.common_matrix,interleave16_s2g_b16384_int,s2g,tensor,interleave,u16,3,16384,0,contiguous,16,none,v4,796,558,-238,v4,813,560,-253,v4,491,479,-12
single_instruction.common_matrix,interleave16_s2g_b16384_plain,s2g,tensor,interleave,u16,3,16384,0,contiguous,none,none,v4,2325,2091,-234,v4,1328,1069,-259,v4,491,479,-12
single_instruction.tensor_2d_capacity,tensor_2d_length_s2g_u16_row128_b16384,s2g,tensor,tensor_2d_length_u16_row128,u16,2,16384,0,contiguous,none,none,v4,789,557,-232,v4,828,559,-269,v4,490,478,-12
single_instruction.tensor_2d_capacity,tensor_2d_length_s2g_u16_row128_b32768,s2g,tensor,tensor_2d_length_u16_row128,u16,2,32768,0,contiguous,none,none,v4,1302,1069,-233,v4,1325,1071,-254,v4,875,863,-12
single_instruction.common_matrix,dtype_s2g_u32_b128,s2g,tensor,dtype,u32,2,128,0,contiguous,none,none,v4,317,49,-268,v4,315,51,-264,v4,109,82,-27
single_instruction.common_matrix,dtype_s2g_u32_b4096,s2g,tensor,dtype,u32,2,4096,0,contiguous,none,none,v4,434,173,-261,v4,436,175,-261,v4,204,186,-18
single_instruction.common_matrix,dtype_s2g_u64_b128,s2g,tensor,dtype,u64,2,128,0,contiguous,none,none,v4,277,49,-228,v4,315,51,-264,v4,109,82,-27
single_instruction.common_matrix,dtype_s2g_u64_b4096,s2g,tensor,dtype,u64,2,4096,0,contiguous,none,none,v4,412,173,-239,v4,408,175,-233,v4,204,186,-18
single_instruction.tensor_2d_capacity,tensor_2d_length_s2g_u8_row32_b32,s2g,tensor,tensor_2d_length_u8_row32,u8,2,32,0,contiguous,none,none,v4,281,43,-238,v4,431,45,-386,v4,109,82,-27
single_instruction.tensor_2d_capacity,tensor_2d_length_s2g_u8_row32_b64,s2g,tensor,tensor_2d_length_u8_row32,u8,2,64,0,contiguous,none,none,v4,296,44,-252,v4,301,46,-255,v4,109,82,-27
single_instruction.tensor_2d_capacity,tensor_2d_length_s2g_u8_row32_b96,s2g,tensor,tensor_2d_length_u8_row32,u8,2,96,0,contiguous,none,none,v4,270,45,-225,v4,317,47,-270,v4,109,82,-27
single_instruction.common_matrix,dtype_s2g_u8_b128,s2g,tensor,dtype,u8,2,128,0,contiguous,none,none,v4,281,49,-232,v4,319,51,-268,v4,109,82,-27
single_instruction.common_matrix,rank_s2g_r1_b128,s2g,tensor,rank,u8,1,128,0,contiguous,none,none,v4,281,47,-234,v4,351,47,-304,v4,108,81,-27
single_instruction.common_matrix,rank_s2g_r2_b128,s2g,tensor,rank,u8,2,128,0,contiguous,none,none,v4,283,46,-237,v4,300,48,-252,v4,109,82,-27
single_instruction.common_matrix,rank_s2g_r3_b128,s2g,tensor,rank,u8,3,128,0,contiguous,none,none,v4,326,59,-267,v4,312,53,-259,v4,110,83,-27
single_instruction.common_matrix,rank_s2g_r4_b128,s2g,tensor,rank,u8,4,128,0,contiguous,none,none,v4,315,61,-254,v4,309,53,-256,v4,111,84,-27
single_instruction.common_matrix,rank_s2g_r5_b128,s2g,tensor,rank,u8,5,128,0,contiguous,none,none,v4,298,62,-236,v4,297,56,-241,v4,112,85,-27
single_instruction.common_matrix,subbox_s2g_small2d_offset,s2g,tensor,subbox,u8,2,128,0,contiguous,none,none,v4,289,55,-234,v4,314,53,-261,v4,115,88,-27
single_instruction.common_matrix,subbox_s2g_small2d_plain,s2g,tensor,subbox,u8,2,128,0,contiguous,none,none,v4,317,46,-271,v4,299,48,-251,v4,109,82,-27
single_instruction.tensor_2d_capacity,tensor_2d_length_s2g_u8_row128_b128,s2g,tensor,tensor_2d_length_u8_row128,u8,2,128,0,contiguous,none,none,v4,303,49,-254,v4,311,51,-260,v4,109,82,-27
single_instruction.tensor_2d_capacity,tensor_2d_length_s2g_u8_row32_b128,s2g,tensor,tensor_2d_length_u8_row32,u8,2,128,0,contiguous,none,none,v4,277,46,-231,v4,335,48,-287,v4,109,82,-27
single_instruction.common_matrix,tensor_capacity_s2g_b128,s2g,tensor,tensor_capacity,u8,2,128,0,contiguous,none,none,v4,319,49,-270,v4,315,51,-264,v4,109,82,-27
single_instruction.tensor_2d_capacity,tensor_2d_length_s2g_u8_row32_b160,s2g,tensor,tensor_2d_length_u8_row32,u8,2,160,0,contiguous,none,none,v4,309,47,-262,v4,294,49,-245,v4,111,84,-27
single_instruction.tensor_2d_capacity,tensor_2d_length_s2g_u8_row32_b192,s2g,tensor,tensor_2d_length_u8_row32,u8,2,192,0,contiguous,none,none,v4,290,48,-242,v4,325,50,-275,v4,111,84,-27
single_instruction.tensor_2d_capacity,tensor_2d_length_s2g_u8_row32_b224,s2g,tensor,tensor_2d_length_u8_row32,u8,2,224,0,contiguous,none,none,v4,294,49,-245,v4,315,51,-264,v4,111,84,-27
single_instruction.common_matrix,rank_s2g_r1_b256,s2g,tensor,rank,u8,1,256,0,contiguous,none,none,v4,287,51,-236,v4,339,51,-288,v4,110,83,-27
single_instruction.common_matrix,rank_s2g_r2_b256,s2g,tensor,rank,u8,2,256,0,contiguous,none,none,v4,284,51,-233,v4,312,53,-259,v4,111,84,-27
single_instruction.common_matrix,rank_s2g_r3_b256,s2g,tensor,rank,u8,3,256,0,contiguous,none,none,v4,337,75,-262,v4,299,61,-238,v4,112,85,-27
single_instruction.common_matrix,rank_s2g_r4_b256,s2g,tensor,rank,u8,4,256,0,contiguous,none,none,v4,310,77,-233,v4,329,61,-268,v4,113,86,-27
single_instruction.common_matrix,rank_s2g_r5_b256,s2g,tensor,rank,u8,5,256,0,contiguous,none,none,v4,319,78,-241,v4,311,64,-247,v4,114,87,-27
single_instruction.tensor_2d_capacity,tensor_2d_length_s2g_u8_row128_b256,s2g,tensor,tensor_2d_length_u8_row128,u8,2,256,0,contiguous,none,none,v4,309,53,-256,v4,299,55,-244,v4,111,84,-27
single_instruction.tensor_2d_capacity,tensor_2d_length_s2g_u8_row32_b256,s2g,tensor,tensor_2d_length_u8_row32,u8,2,256,0,contiguous,none,none,v4,311,50,-261,v4,293,52,-241,v4,111,84,-27
single_instruction.common_matrix,tensor_capacity_s2g_b256,s2g,tensor,tensor_capacity,u8,2,256,0,contiguous,none,none,v4,284,53,-231,v4,298,55,-243,v4,111,84,-27
single_instruction.tensor_2d_capacity,tensor_2d_length_s2g_u8_row32_b288,s2g,tensor,tensor_2d_length_u8_row32,u8,2,288,0,contiguous,none,none,v4,293,51,-242,v4,333,53,-280,v4,113,86,-27
single_instruction.tensor_2d_capacity,tensor_2d_length_s2g_u8_row32_b320,s2g,tensor,tensor_2d_length_u8_row32,u8,2,320,0,contiguous,none,none,v4,307,52,-255,v4,298,54,-244,v4,113,86,-27
single_instruction.tensor_2d_capacity,tensor_2d_length_s2g_u8_row32_b352,s2g,tensor,tensor_2d_length_u8_row32,u8,2,352,0,contiguous,none,none,v4,307,53,-254,v4,340,55,-285,v4,113,86,-27
single_instruction.tensor_2d_capacity,tensor_2d_length_s2g_u8_row32_b384,s2g,tensor,tensor_2d_length_u8_row32,u8,2,384,0,contiguous,none,none,v4,287,54,-233,v4,323,56,-267,v4,113,86,-27
single_instruction.tensor_2d_capacity,tensor_2d_length_s2g_u8_row32_b416,s2g,tensor,tensor_2d_length_u8_row32,u8,2,416,0,contiguous,none,none,v4,288,55,-233,v4,308,57,-251,v4,115,88,-27
single_instruction.tensor_2d_capacity,tensor_2d_length_s2g_u8_row32_b448,s2g,tensor,tensor_2d_length_u8_row32,u8,2,448,0,contiguous,none,none,v4,302,56,-246,v4,314,58,-256,v4,115,88,-27
single_instruction.tensor_2d_capacity,tensor_2d_length_s2g_u8_row32_b480,s2g,tensor,tensor_2d_length_u8_row32,u8,2,480,0,contiguous,none,none,v4,308,57,-251,v4,310,59,-251,v4,115,88,-27
single_instruction.tensor_2d_capacity,tensor_2d_length_s2g_u8_row128_b512,s2g,tensor,tensor_2d_length_u8_row128,u8,2,512,0,contiguous,none,none,v4,307,61,-246,v4,310,63,-247,v4,115,88,-27
single_instruction.tensor_2d_capacity,tensor_2d_length_s2g_u8_row32_b512,s2g,tensor,tensor_2d_length_u8_row32,u8,2,512,0,contiguous,none,none,v4,313,58,-255,v4,313,60,-253,v4,115,88,-27
single_instruction.common_matrix,tensor_capacity_s2g_b512,s2g,tensor,tensor_capacity,u8,2,512,0,contiguous,none,none,v4,290,61,-229,v4,328,63,-265,v4,115,88,-27
single_instruction.tensor_2d_capacity,tensor_2d_length_s2g_u8_row32_b640,s2g,tensor,tensor_2d_length_u8_row32,u8,2,640,0,contiguous,none,none,v4,299,62,-237,v4,336,64,-272,v4,117,99,-18
single_instruction.tensor_2d_capacity,tensor_2d_length_s2g_u8_row32_b768,s2g,tensor,tensor_2d_length_u8_row32,u8,2,768,0,contiguous,none,none,v4,318,66,-252,v4,314,68,-246,v4,119,101,-18
single_instruction.tensor_2d_capacity,tensor_2d_length_s2g_u8_row32_b896,s2g,tensor,tensor_2d_length_u8_row32,u8,2,896,0,contiguous,none,none,v4,328,70,-258,v4,335,72,-263,v4,121,112,-9
single_instruction.tensor_2d_capacity,tensor_2d_length_s2g_u8_row32_b992,s2g,tensor,tensor_2d_length_u8_row32,u8,2,992,0,contiguous,none,none,v4,305,73,-232,v4,327,75,-252,v4,124,125,1
single_instruction.common_matrix,swizzle128_s2g_b1024_plain,s2g,tensor,swizzle,u8,2,1024,0,contiguous,none,none,v4,317,77,-240,v4,339,79,-260,v4,124,125,1
single_instruction.common_matrix,swizzle128_s2g_b1024_swz,s2g,tensor,swizzle,u8,2,1024,0,contiguous,none,128,v4,300,77,-223,v4,331,79,-252,v4,124,125,1
single_instruction.common_matrix,swizzle32_s2g_b1024_plain,s2g,tensor,swizzle,u8,2,1024,0,contiguous,none,none,v4,301,74,-227,v4,315,76,-239,v4,124,125,1
single_instruction.common_matrix,swizzle32_s2g_b1024_swz,s2g,tensor,swizzle,u8,2,1024,0,contiguous,none,32,v4,303,74,-229,v4,352,76,-276,v4,124,125,1
single_instruction.common_matrix,swizzle64_s2g_b1024_plain,s2g,tensor,swizzle,u8,2,1024,0,contiguous,none,none,v4,308,75,-233,v4,343,77,-266,v4,124,125,1
single_instruction.common_matrix,swizzle64_s2g_b1024_swz,s2g,tensor,swizzle,u8,2,1024,0,contiguous,none,64,v4,313,75,-238,v4,324,77,-247,v4,124,125,1
single_instruction.tensor_2d_capacity,tensor_2d_length_s2g_u8_row128_b1024,s2g,tensor,tensor_2d_length_u8_row128,u8,2,1024,0,contiguous,none,none,v4,313,77,-236,v4,344,79,-265,v4,124,125,1
single_instruction.tensor_2d_capacity,tensor_2d_length_s2g_u8_row32_b1024,s2g,tensor,tensor_2d_length_u8_row32,u8,2,1024,0,contiguous,none,none,v4,304,74,-230,v4,355,76,-279,v4,124,125,1
single_instruction.common_matrix,tensor_capacity_s2g_b1024,s2g,tensor,tensor_capacity,u8,2,1024,0,contiguous,none,none,v4,344,77,-267,v4,311,79,-232,v4,124,125,1
single_instruction.tensor_2d_capacity,tensor_2d_length_s2g_u8_row32_b1056,s2g,tensor,tensor_2d_length_u8_row32,u8,2,1056,0,contiguous,none,none,v4,319,75,-244,v4,360,77,-283,v4,127,127,0
single_instruction.tensor_2d_capacity,tensor_2d_length_s2g_u8_row32_b1152,s2g,tensor,tensor_2d_length_u8_row32,u8,2,1152,0,contiguous,none,none,v4,333,78,-255,v4,324,80,-244,v4,127,127,0
single_instruction.tensor_2d_capacity,tensor_2d_length_s2g_u8_row32_b1280,s2g,tensor,tensor_2d_length_u8_row32,u8,2,1280,0,contiguous,none,none,v4,348,82,-266,v4,348,84,-264,v4,138,118,-20
single_instruction.tensor_2d_capacity,tensor_2d_length_s2g_u8_row32_b1408,s2g,tensor,tensor_2d_length_u8_row32,u8,2,1408,0,contiguous,none,none,v4,321,86,-235,v4,364,88,-276,v4,141,129,-12
single_instruction.tensor_2d_capacity,tensor_2d_length_s2g_u8_row32_b1536,s2g,tensor,tensor_2d_length_u8_row32,u8,2,1536,0,contiguous,none,none,v4,331,90,-241,v4,353,92,-261,v4,144,142,-2
single_instruction.tensor_2d_capacity,tensor_2d_length_s2g_u8_row32_b1664,s2g,tensor,tensor_2d_length_u8_row32,u8,2,1664,0,contiguous,none,none,v4,357,94,-263,v4,357,96,-261,v4,147,131,-16
single_instruction.tensor_2d_capacity,tensor_2d_length_s2g_u8_row32_b1792,s2g,tensor,tensor_2d_length_u8_row32,u8,2,1792,0,contiguous,none,none,v4,338,98,-240,v4,388,100,-288,v4,150,144,-6
single_instruction.tensor_2d_capacity,tensor_2d_length_s2g_u8_row32_b1920,s2g,tensor,tensor_2d_length_u8_row32,u8,2,1920,0,contiguous,none,none,v4,324,102,-222,v4,345,104,-241,v4,153,134,-19
single_instruction.tensor_2d_capacity,tensor_2d_length_s2g_u8_row32_b2016,s2g,tensor,tensor_2d_length_u8_row32,u8,2,2016,0,contiguous,none,none,v4,351,105,-246,v4,378,107,-271,v4,156,147,-9
single_instruction.tensor_2d_capacity,tensor_2d_length_s2g_u8_row128_b2048,s2g,tensor,tensor_2d_length_u8_row128,u8,2,2048,0,contiguous,none,none,v4,343,109,-234,v4,366,111,-255,v4,156,147,-9
single_instruction.tensor_2d_capacity,tensor_2d_length_s2g_u8_row32_b2048,s2g,tensor,tensor_2d_length_u8_row32,u8,2,2048,0,contiguous,none,none,v4,361,106,-255,v4,357,108,-249,v4,156,147,-9
single_instruction.common_matrix,tensor_capacity_s2g_b2048,s2g,tensor,tensor_capacity,u8,2,2048,0,contiguous,none,none,v4,374,109,-265,v4,377,111,-266,v4,156,147,-9
single_instruction.tensor_2d_capacity,tensor_2d_length_s2g_u8_row32_b2080,s2g,tensor,tensor_2d_length_u8_row32,u8,2,2080,0,contiguous,none,none,v4,369,107,-262,v4,386,109,-277,v4,157,139,-18
single_instruction.tensor_2d_capacity,tensor_2d_length_s2g_u8_row32_b2560,s2g,tensor,tensor_2d_length_u8_row32,u8,2,2560,0,contiguous,none,none,v4,353,122,-231,v4,376,124,-252,v4,164,156,-8
single_instruction.tensor_2d_capacity,tensor_2d_length_s2g_u8_row32_b3072,s2g,tensor,tensor_2d_length_u8_row32,u8,2,3072,0,contiguous,none,none,v4,386,138,-248,v4,421,140,-281,v4,178,176,-2
single_instruction.tensor_2d_capacity,tensor_2d_length_s2g_u8_row32_b3584,s2g,tensor,tensor_2d_length_u8_row32,u8,2,3584,0,contiguous,none,none,v4,417,154,-263,v4,413,156,-257,v4,192,188,-4
single_instruction.tensor_2d_capacity,tensor_2d_length_s2g_u8_row32_b4064,s2g,tensor,tensor_2d_length_u8_row32,u8,2,4064,0,contiguous,none,none,v4,407,169,-238,v4,437,171,-266,v4,204,186,-18
single_instruction.common_matrix,dtype_s2g_u8_b4096,s2g,tensor,dtype,u8,2,4096,0,contiguous,none,none,v4,439,173,-266,v4,440,175,-265,v4,204,186,-18
single_instruction.common_matrix,oob_s2g_outer75,s2g,tensor,oob,u8,2,4096,0,contiguous,none,none,v4,326,101,-225,v4,353,103,-250,v4,134,125,-9
single_instruction.common_matrix,oob_s2g_plain,s2g,tensor,oob,u8,2,4096,0,contiguous,none,none,v4,438,173,-265,v4,424,175,-249,v4,204,186,-18
single_instruction.common_matrix,oob_s2g_right25,s2g,tensor,oob,u8,2,4096,0,contiguous,none,none,v4,408,172,-236,v4,436,174,-262,v4,204,186,-18
single_instruction.common_matrix,rank_s2g_r2_b4096,s2g,tensor,rank,u8,2,4096,0,contiguous,none,none,v4,442,173,-269,v4,438,175,-263,v4,204,186,-18
single_instruction.common_matrix,rank_s2g_r3_b4096,s2g,tensor,rank,u8,3,4096,0,contiguous,none,none,v4,430,172,-258,v4,430,174,-256,v4,205,187,-18
single_instruction.common_matrix,rank_s2g_r4_b4096,s2g,tensor,rank,u8,4,4096,0,contiguous,none,none,v4,402,173,-229,v4,438,173,-265,v4,206,188,-18
single_instruction.common_matrix,rank_s2g_r5_b4096,s2g,tensor,rank,u8,5,4096,0,contiguous,none,none,v4,793,558,-235,v4,542,304,-238,v4,207,189,-18
single_instruction.common_matrix,stride_s2g_s128,s2g,tensor,stride,u8,2,4096,0,contiguous,none,none,v4,410,173,-237,v4,411,175,-236,v4,204,186,-18
single_instruction.common_matrix,stride_s2g_s144,s2g,tensor,stride,u8,2,4096,0,pitched,none,none,v4,474,221,-253,v4,457,203,-254,v4,265,268,3
single_instruction.common_matrix,stride_s2g_s256,s2g,tensor,stride,u8,2,4096,0,pitched,none,none,v4,436,173,-263,v4,418,175,-243,v4,204,186,-18
single_instruction.common_matrix,stride_s2g_s512,s2g,tensor,stride,u8,2,4096,0,pitched,none,none,v4,408,173,-235,v4,433,175,-258,v4,204,186,-18
single_instruction.common_matrix,subbox_s2g_large2d_offset,s2g,tensor,subbox,u8,2,4096,0,contiguous,none,none,v4,439,171,-268,v4,438,173,-265,v4,296,296,0
single_instruction.common_matrix,subbox_s2g_large2d_plain,s2g,tensor,subbox,u8,2,4096,0,contiguous,none,none,v4,427,173,-254,v4,430,175,-255,v4,204,186,-18
single_instruction.common_matrix,subbox_s2g_large3d_offset,s2g,tensor,subbox,u8,3,4096,0,contiguous,none,none,v4,404,172,-232,v4,441,174,-267,v4,297,297,0
single_instruction.common_matrix,subbox_s2g_large3d_plain,s2g,tensor,subbox,u8,3,4096,0,contiguous,none,none,v4,407,172,-235,v4,430,174,-256,v4,205,187,-18
single_instruction.common_matrix,swizzle128_s2g_b4096_plain,s2g,tensor,swizzle,u8,3,4096,0,contiguous,none,none,v4,412,174,-238,v4,439,176,-263,v4,205,187,-18
single_instruction.common_matrix,swizzle128_s2g_b4096_swz,s2g,tensor,swizzle,u8,3,4096,0,contiguous,none,128,v4,395,174,-221,v4,435,176,-259,v4,205,187,-18
single_instruction.common_matrix,swizzle32_s2g_b4096_plain,s2g,tensor,swizzle,u8,3,4096,0,contiguous,none,none,v4,400,171,-229,v4,415,173,-242,v4,205,187,-18
single_instruction.common_matrix,swizzle32_s2g_b4096_swz,s2g,tensor,swizzle,u8,3,4096,0,contiguous,none,32,v4,399,171,-228,v4,437,173,-264,v4,205,187,-18
single_instruction.common_matrix,swizzle64_s2g_b4096_plain,s2g,tensor,swizzle,u8,3,4096,0,contiguous,none,none,v4,403,172,-231,v4,434,174,-260,v4,205,187,-18
single_instruction.common_matrix,swizzle64_s2g_b4096_swz,s2g,tensor,swizzle,u8,3,4096,0,contiguous,none,64,v4,413,172,-241,v4,422,174,-248,v4,205,187,-18
single_instruction.tensor_2d_capacity,tensor_2d_length_s2g_u8_row128_b4096,s2g,tensor,tensor_2d_length_u8_row128,u8,2,4096,0,contiguous,none,none,v4,429,173,-256,v4,457,175,-282,v4,204,186,-18
single_instruction.tensor_2d_capacity,tensor_2d_length_s2g_u8_row32_b4096,s2g,tensor,tensor_2d_length_u8_row32,u8,2,4096,0,contiguous,none,none,v4,397,170,-227,v4,422,172,-250,v4,204,186,-18
single_instruction.common_matrix,tensor_base_s2g_mod128_0,s2g,tensor,base_alignment,u8,2,4096,0,contiguous,none,none,v4,409,173,-236,v4,412,175,-237,v4,204,186,-18
single_instruction.common_matrix,tensor_base_s2g_mod128_112,s2g,tensor,base_alignment,u8,2,4096,112,contiguous,none,none,v4,495,268,-227,v4,507,239,-268,v4,273,270,-3
single_instruction.common_matrix,tensor_base_s2g_mod128_16,s2g,tensor,base_alignment,u8,2,4096,16,contiguous,none,none,v4,503,269,-234,v4,475,207,-268,v4,273,270,-3
single_instruction.common_matrix,tensor_base_s2g_mod128_32,s2g,tensor,base_alignment,u8,2,4096,32,contiguous,none,none,v4,433,172,-261,v4,430,174,-256,v4,273,270,-3
single_instruction.common_matrix,tensor_base_s2g_mod128_64,s2g,tensor,base_alignment,u8,2,4096,64,contiguous,none,none,v4,430,171,-259,v4,414,173,-241,v4,273,270,-3
single_instruction.common_matrix,tensor_capacity_s2g_b4096,s2g,tensor,tensor_capacity,u8,2,4096,0,contiguous,none,none,v4,412,173,-239,v4,428,175,-253,v4,204,186,-18
single_instruction.tensor_2d_capacity,tensor_2d_length_s2g_u8_row32_b4128,s2g,tensor,tensor_2d_length_u8_row32,u8,2,4128,0,contiguous,none,none,v4,413,171,-242,v4,413,173,-240,v4,207,199,-8
single_instruction.tensor_2d_capacity,tensor_2d_length_s2g_u8_row32_b4608,s2g,tensor,tensor_2d_length_u8_row32,u8,2,4608,0,contiguous,none,none,v4,414,186,-228,v4,475,188,-287,v4,214,209,-5
single_instruction.tensor_2d_capacity,tensor_2d_length_s2g_u8_row32_b5120,s2g,tensor,tensor_2d_length_u8_row32,u8,2,5120,0,contiguous,none,none,v4,446,202,-244,v4,472,204,-268,v4,224,226,2
single_instruction.tensor_2d_capacity,tensor_2d_length_s2g_u8_row32_b5632,s2g,tensor,tensor_2d_length_u8_row32,u8,2,5632,0,contiguous,none,none,v4,471,218,-253,v4,476,220,-256,v4,237,226,-11
single_instruction.tensor_2d_capacity,tensor_2d_length_s2g_u8_row32_b6144,s2g,tensor,tensor_2d_length_u8_row32,u8,2,6144,0,contiguous,none,none,v4,466,234,-232,v4,505,236,-269,v4,248,236,-12
single_instruction.tensor_2d_capacity,tensor_2d_length_s2g_u8_row32_b6656,s2g,tensor,tensor_2d_length_u8_row32,u8,2,6656,0,contiguous,none,none,v4,483,250,-233,v4,523,252,-271,v4,262,260,-2
single_instruction.tensor_2d_capacity,tensor_2d_length_s2g_u8_row32_b7168,s2g,tensor,tensor_2d_length_u8_row32,u8,2,7168,0,contiguous,none,none,v4,511,266,-245,v4,527,268,-259,v4,272,270,-2
single_instruction.tensor_2d_capacity,tensor_2d_length_s2g_u8_row32_b7680,s2g,tensor,tensor_2d_length_u8_row32,u8,2,7680,0,contiguous,none,none,v4,544,282,-262,v4,572,284,-288,v4,287,274,-13
single_instruction.tensor_2d_capacity,tensor_2d_length_s2g_u8_row64_b8128,s2g,tensor,tensor_2d_length_u8_row64,u8,2,8128,0,contiguous,none,none,v4,545,297,-248,v4,576,299,-277,v4,298,296,-2
single_instruction.tensor_2d_capacity,tensor_2d_length_s2g_u8_row32_b8160,s2g,tensor,tensor_2d_length_u8_row32,u8,2,8160,0,contiguous,none,none,v4,534,297,-237,v4,572,299,-273,v4,298,296,-2
single_instruction.tensor_2d_capacity,tensor_2d_length_s2g_u8_row128_b8192,s2g,tensor,tensor_2d_length_u8_row128,u8,2,8192,0,contiguous,none,none,v4,526,301,-225,v4,589,303,-286,v4,298,296,-2
single_instruction.tensor_2d_capacity,tensor_2d_length_s2g_u8_row32_b8192,s2g,tensor,tensor_2d_length_u8_row32,u8,2,8192,0,contiguous,none,none,v4,525,298,-227,v4,563,300,-263,v4,298,296,-2
single_instruction.tensor_2d_capacity,tensor_2d_length_s2g_u8_row64_b8192,s2g,tensor,tensor_2d_length_u8_row64,u8,2,8192,0,contiguous,none,none,v4,556,299,-257,v4,565,301,-264,v4,298,296,-2
single_instruction.common_matrix,tensor_capacity_s2g_b8192,s2g,tensor,tensor_capacity,u8,2,8192,0,contiguous,none,none,v4,524,301,-223,v4,570,303,-267,v4,298,296,-2
single_instruction.tensor_2d_capacity,tensor_2d_length_s2g_u8_row64_b8256,s2g,tensor,tensor_2d_length_u8_row64,u8,2,8256,0,contiguous,none,none,v4,531,301,-230,v4,574,303,-271,v4,301,287,-14
single_instruction.tensor_2d_capacity,tensor_2d_length_s2g_u8_row64_b8704,s2g,tensor,tensor_2d_length_u8_row64,u8,2,8704,0,contiguous,none,none,v4,549,315,-234,v4,575,317,-258,v4,309,304,-5
single_instruction.tensor_2d_capacity,tensor_2d_length_s2g_u8_row64_b9216,s2g,tensor,tensor_2d_length_u8_row64,u8,2,9216,0,contiguous,none,none,v4,579,331,-248,v4,587,333,-254,v4,322,312,-10
single_instruction.tensor_2d_capacity,tensor_2d_length_s2g_u8_row64_b9728,s2g,tensor,tensor_2d_length_u8_row64,u8,2,9728,0,contiguous,none,none,v4,611,347,-264,v4,619,349,-270,v4,336,334,-2
single_instruction.tensor_2d_capacity,tensor_2d_length_s2g_u8_row64_b10240,s2g,tensor,tensor_2d_length_u8_row64,u8,2,10240,0,contiguous,none,none,v4,601,363,-238,v4,626,365,-261,v4,346,334,-12
single_instruction.tensor_2d_capacity,tensor_2d_length_s2g_u8_row64_b10752,s2g,tensor,tensor_2d_length_u8_row64,u8,2,10752,0,contiguous,none,none,v4,616,379,-237,v4,637,381,-256,v4,360,342,-18
single_instruction.tensor_2d_capacity,tensor_2d_length_s2g_u8_row64_b11264,s2g,tensor,tensor_2d_length_u8_row64,u8,2,11264,0,contiguous,none,none,v4,637,395,-242,v4,686,397,-289,v4,372,354,-18
single_instruction.tensor_2d_capacity,tensor_2d_length_s2g_u8_row64_b11776,s2g,tensor,tensor_2d_length_u8_row64,u8,2,11776,0,contiguous,none,none,v4,657,411,-246,v4,657,413,-244,v4,384,372,-12
single_instruction.tensor_2d_capacity,tensor_2d_length_s2g_u8_row64_b12288,s2g,tensor,tensor_2d_length_u8_row64,u8,2,12288,0,contiguous,none,none,v4,651,427,-224,v4,711,429,-282,v4,396,383,-13
single_instruction.tensor_2d_capacity,tensor_2d_length_s2g_u8_row64_b12800,s2g,tensor,tensor_2d_length_u8_row64,u8,2,12800,0,contiguous,none,none,v4,694,443,-251,v4,686,445,-241,v4,408,392,-16
single_instruction.tensor_2d_capacity,tensor_2d_length_s2g_u8_row64_b13312,s2g,tensor,tensor_2d_length_u8_row64,u8,2,13312,0,contiguous,none,none,v4,715,459,-256,v4,728,461,-267,v4,418,418,0
single_instruction.tensor_2d_capacity,tensor_2d_length_s2g_u8_row64_b13824,s2g,tensor,tensor_2d_length_u8_row64,u8,2,13824,0,contiguous,none,none,v4,729,475,-254,v4,744,477,-267,v4,427,413,-14
single_instruction.tensor_2d_capacity,tensor_2d_length_s2g_u8_row64_b14336,s2g,tensor,tensor_2d_length_u8_row64,u8,2,14336,0,contiguous,none,none,v4,722,491,-231,v4,755,493,-262,v4,442,438,-4
single_instruction.tensor_2d_capacity,tensor_2d_length_s2g_u8_row64_b14848,s2g,tensor,tensor_2d_length_u8_row64,u8,2,14848,0,contiguous,none,none,v4,737,507,-230,v4,784,509,-275,v4,452,452,0
single_instruction.tensor_2d_capacity,tensor_2d_length_s2g_u8_row64_b15360,s2g,tensor,tensor_2d_length_u8_row64,u8,2,15360,0,contiguous,none,none,v4,766,523,-243,v4,790,525,-265,v4,468,453,-15
single_instruction.tensor_2d_capacity,tensor_2d_length_s2g_u8_row64_b15872,s2g,tensor,tensor_2d_length_u8_row64,u8,2,15872,0,contiguous,none,none,v4,791,539,-252,v4,792,541,-251,v4,480,474,-6
single_instruction.tensor_2d_capacity,tensor_2d_length_s2g_u8_row128_b16256,s2g,tensor,tensor_2d_length_u8_row128,u8,2,16256,0,contiguous,none,none,v4,793,553,-240,v4,833,555,-278,v4,489,470,-19
single_instruction.tensor_2d_capacity,tensor_2d_length_s2g_u8_row64_b16320,s2g,tensor,tensor_2d_length_u8_row64,u8,2,16320,0,contiguous,none,none,v4,780,553,-227,v4,826,555,-271,v4,490,478,-12
single_instruction.common_matrix,swizzle128_s2g_b16384_plain,s2g,tensor,swizzle,u8,3,16384,0,contiguous,none,none,v4,800,558,-242,v4,829,560,-269,v4,491,479,-12
single_instruction.common_matrix,swizzle128_s2g_b16384_swz,s2g,tensor,swizzle,u8,3,16384,0,contiguous,none,128,v4,788,558,-230,v4,801,560,-241,v4,491,479,-12
single_instruction.common_matrix,swizzle32_s2g_b16384_plain,s2g,tensor,swizzle,u8,3,16384,0,contiguous,none,none,v4,790,555,-235,v4,814,557,-257,v4,491,479,-12
single_instruction.common_matrix,swizzle32_s2g_b16384_swz,s2g,tensor,swizzle,u8,3,16384,0,contiguous,none,32,v4,793,555,-238,v4,809,557,-252,v4,491,479,-12
single_instruction.common_matrix,swizzle64_s2g_b16384_plain,s2g,tensor,swizzle,u8,3,16384,0,contiguous,none,none,v4,789,556,-233,v4,832,558,-274,v4,491,479,-12
single_instruction.common_matrix,swizzle64_s2g_b16384_swz,s2g,tensor,swizzle,u8,3,16384,0,contiguous,none,64,v4,795,556,-239,v4,791,558,-233,v4,491,479,-12
single_instruction.tensor_2d_capacity,tensor_2d_length_s2g_u8_row128_b16384,s2g,tensor,tensor_2d_length_u8_row128,u8,2,16384,0,contiguous,none,none,v4,818,557,-261,v4,810,559,-251,v4,490,478,-12
single_instruction.tensor_2d_capacity,tensor_2d_length_s2g_u8_row64_b16384,s2g,tensor,tensor_2d_length_u8_row64,u8,2,16384,0,contiguous,none,none,v4,804,555,-249,v4,812,557,-255,v4,490,478,-12
single_instruction.common_matrix,tensor_capacity_s2g_b16384,s2g,tensor,tensor_capacity,u8,2,16384,0,contiguous,none,none,v4,790,557,-233,v4,827,559,-268,v4,490,478,-12
single_instruction.tensor_2d_capacity,tensor_2d_length_s2g_u8_row128_b16512,s2g,tensor,tensor_2d_length_u8_row128,u8,2,16512,0,contiguous,none,none,v4,809,561,-248,v4,830,563,-267,v4,495,491,-4
single_instruction.tensor_2d_capacity,tensor_2d_length_s2g_u8_row128_b17408,s2g,tensor,tensor_2d_length_u8_row128,u8,2,17408,0,contiguous,none,none,v4,833,589,-244,v4,835,591,-244,v4,516,512,-4
single_instruction.tensor_2d_capacity,tensor_2d_length_s2g_u8_row128_b18432,s2g,tensor,tensor_2d_length_u8_row128,u8,2,18432,0,contiguous,none,none,v4,854,621,-233,v4,917,623,-294,v4,536,538,2
single_instruction.tensor_2d_capacity,tensor_2d_length_s2g_u8_row128_b20480,s2g,tensor,tensor_2d_length_u8_row128,u8,2,20480,0,contiguous,none,none,v4,926,685,-241,v4,959,687,-272,v4,584,575,-9
single_instruction.tensor_2d_capacity,tensor_2d_length_s2g_u8_row128_b22528,s2g,tensor,tensor_2d_length_u8_row128,u8,2,22528,0,contiguous,none,none,v4,1011,749,-262,v4,1012,751,-261,v4,634,624,-10
single_instruction.tensor_2d_capacity,tensor_2d_length_s2g_u8_row128_b24576,s2g,tensor,tensor_2d_length_u8_row128,u8,2,24576,0,contiguous,none,none,v4,1037,813,-224,v4,1084,815,-269,v4,680,668,-12
single_instruction.tensor_2d_capacity,tensor_2d_length_s2g_u8_row128_b28672,s2g,tensor,tensor_2d_length_u8_row128,u8,2,28672,0,contiguous,none,none,v4,1179,941,-238,v4,1206,943,-263,v4,776,768,-8
single_instruction.common_matrix,rank_s2g_r2_b32768,s2g,tensor,rank,u8,2,32768,0,contiguous,none,none,v4,1332,1069,-263,v4,1321,1071,-250,v4,875,863,-12
single_instruction.common_matrix,rank_s2g_r3_b32768,s2g,tensor,rank,u8,3,32768,0,contiguous,none,none,v4,1329,1070,-259,v4,1338,1072,-266,v4,876,864,-12
single_instruction.common_matrix,rank_s2g_r4_b32768,s2g,tensor,rank,u8,4,32768,0,contiguous,none,none,v4,1302,1070,-232,v4,1332,1070,-262,v4,877,865,-12
single_instruction.common_matrix,rank_s2g_r5_b32768,s2g,tensor,rank,u8,5,32768,0,contiguous,none,none,v4,1309,1070,-239,v4,1321,1072,-249,v4,878,866,-12
single_instruction.tensor_2d_capacity,tensor_2d_length_s2g_u8_row128_b32768,s2g,tensor,tensor_2d_length_u8_row128,u8,2,32768,0,contiguous,none,none,v4,1333,1069,-264,v4,1316,1071,-245,v4,875,863,-12
single_instruction.common_matrix,tensor_capacity_s2g_b32768,s2g,tensor,tensor_capacity,u8,2,32768,0,contiguous,none,none,v4,1327,1069,-258,v4,1313,1071,-242,v4,875,863,-12
single_instruction.common_matrix,dtype_roundtrip_bf16_b128,roundtrip,tensor,dtype,bf16,2,128,0,contiguous,none,none,v4,893,391,-502,v4,981,467,-514,v4,229,165,-64
single_instruction.common_matrix,dtype_roundtrip_bf16_b4096,roundtrip,tensor,dtype,bf16,2,4096,0,contiguous,none,none,v4,1060,563,-497,v4,1161,655,-506,v4,398,331,-67
single_instruction.common_matrix,dtype_roundtrip_f16_b128,roundtrip,tensor,dtype,f16,2,128,0,contiguous,none,none,v4,916,412,-504,v4,983,461,-522,v4,229,165,-64
single_instruction.common_matrix,dtype_roundtrip_f16_b4096,roundtrip,tensor,dtype,f16,2,4096,0,contiguous,none,none,v4,1024,554,-470,v4,1151,656,-495,v4,398,331,-67
single_instruction.common_matrix,dtype_roundtrip_f32_b128,roundtrip,tensor,dtype,f32,2,128,0,contiguous,none,none,v4,853,386,-467,v4,983,468,-515,v4,229,165,-64
single_instruction.common_matrix,dtype_roundtrip_f32_b4096,roundtrip,tensor,dtype,f32,2,4096,0,contiguous,none,none,v4,1041,574,-467,v4,1179,658,-521,v4,398,331,-67
single_instruction.common_matrix,dtype_roundtrip_f32_ftz_b128,roundtrip,tensor,dtype,f32_ftz,2,128,0,contiguous,none,none,v4,852,390,-462,v4,986,467,-519,v4,229,165,-64
single_instruction.common_matrix,dtype_roundtrip_f32_ftz_b4096,roundtrip,tensor,dtype,f32_ftz,2,4096,0,contiguous,none,none,v4,1058,567,-491,v4,1160,660,-500,v4,398,331,-67
single_instruction.common_matrix,dtype_roundtrip_f64_b128,roundtrip,tensor,dtype,f64,2,128,0,contiguous,none,none,v4,878,387,-491,v4,982,468,-514,v4,229,165,-64
single_instruction.common_matrix,dtype_roundtrip_f64_b4096,roundtrip,tensor,dtype,f64,2,4096,0,contiguous,none,none,v4,1058,571,-487,v4,1118,625,-493,v4,398,331,-67
single_instruction.common_matrix,dtype_roundtrip_s32_b128,roundtrip,tensor,dtype,s32,2,128,0,contiguous,none,none,v4,842,385,-457,v4,986,460,-526,v4,229,165,-64
single_instruction.common_matrix,dtype_roundtrip_s32_b4096,roundtrip,tensor,dtype,s32,2,4096,0,contiguous,none,none,v4,1030,559,-471,v4,1165,654,-511,v4,398,331,-67
single_instruction.common_matrix,dtype_roundtrip_s64_b128,roundtrip,tensor,dtype,s64,2,128,0,contiguous,none,none,v4,881,385,-496,v4,985,462,-523,v4,229,165,-64
single_instruction.common_matrix,dtype_roundtrip_s64_b4096,roundtrip,tensor,dtype,s64,2,4096,0,contiguous,none,none,v4,1065,566,-499,v4,1168,651,-517,v4,398,331,-67
single_instruction.common_matrix,dtype_roundtrip_tf32_b128,roundtrip,tensor,dtype,tf32,2,128,0,contiguous,none,none,v4,873,414,-459,v4,1027,517,-510,v4,229,165,-64
single_instruction.common_matrix,dtype_roundtrip_tf32_b4096,roundtrip,tensor,dtype,tf32,2,4096,0,contiguous,none,none,v4,1088,572,-516,v4,1150,655,-495,v4,398,331,-67
single_instruction.common_matrix,dtype_roundtrip_tf32_ftz_b128,roundtrip,tensor,dtype,tf32_ftz,2,128,0,contiguous,none,none,v4,882,425,-457,v4,1018,512,-506,v4,229,165,-64
single_instruction.common_matrix,dtype_roundtrip_tf32_ftz_b4096,roundtrip,tensor,dtype,tf32_ftz,2,4096,0,contiguous,none,none,v4,1030,568,-462,v4,1146,625,-521,v4,398,331,-67
single_instruction.common_matrix,dtype_roundtrip_u16_b128,roundtrip,tensor,dtype,u16,2,128,0,contiguous,none,none,v4,931,430,-501,v4,958,456,-502,v4,229,165,-64
single_instruction.common_matrix,interleave16_roundtrip_b1024_int,roundtrip,tensor,interleave,u16,3,1024,0,contiguous,16,none,v4,888,420,-468,v4,1029,506,-523,v4,260,224,-36
single_instruction.common_matrix,interleave16_roundtrip_b1024_plain,roundtrip,tensor,interleave,u16,3,1024,0,contiguous,none,none,v4,1074,555,-519,v4,1161,622,-539,v4,260,224,-36
single_instruction.common_matrix,dtype_roundtrip_u16_b4096,roundtrip,tensor,dtype,u16,2,4096,0,contiguous,none,none,v4,1052,570,-482,v4,1184,669,-515,v4,398,331,-67
single_instruction.common_matrix,interleave16_roundtrip_b4096_int,roundtrip,tensor,interleave,u16,3,4096,0,contiguous,16,none,v4,1030,567,-463,v4,1161,638,-523,v4,400,333,-67
single_instruction.common_matrix,interleave16_roundtrip_b4096_plain,roundtrip,tensor,interleave,u16,3,4096,0,contiguous,none,none,v4,1696,1166,-530,v4,1490,994,-496,v4,400,333,-67
single_instruction.common_matrix,interleave16_roundtrip_b16384_int,roundtrip,tensor,interleave,u16,3,16384,0,contiguous,16,none,v4,1541,1069,-472,v4,1632,1140,-492,v4,895,817,-78
single_instruction.common_matrix,interleave16_roundtrip_b16384_plain,roundtrip,tensor,interleave,u16,3,16384,0,contiguous,none,none,v4,4002,3492,-510,v4,3055,2541,-514,v4,895,817,-78
single_instruction.common_matrix,dtype_roundtrip_u32_b128,roundtrip,tensor,dtype,u32,2,128,0,contiguous,none,none,v4,942,418,-524,v4,974,460,-514,v4,229,165,-64
single_instruction.common_matrix,dtype_roundtrip_u32_b4096,roundtrip,tensor,dtype,u32,2,4096,0,contiguous,none,none,v4,1027,556,-471,v4,1166,645,-521,v4,398,331,-67
single_instruction.common_matrix,dtype_roundtrip_u64_b128,roundtrip,tensor,dtype,u64,2,128,0,contiguous,none,none,v4,918,415,-503,v4,975,462,-513,v4,229,165,-64
single_instruction.common_matrix,dtype_roundtrip_u64_b4096,roundtrip,tensor,dtype,u64,2,4096,0,contiguous,none,none,v4,1066,564,-502,v4,1176,654,-522,v4,398,331,-67
single_instruction.common_matrix,dtype_roundtrip_u8_b128,roundtrip,tensor,dtype,u8,2,128,0,contiguous,none,none,v4,906,418,-488,v4,993,457,-536,v4,229,165,-64
single_instruction.common_matrix,rank_roundtrip_r1_b128,roundtrip,tensor,rank,u8,1,128,0,contiguous,none,none,v4,897,405,-492,v4,1043,504,-539,v4,227,163,-64
single_instruction.common_matrix,rank_roundtrip_r2_b128,roundtrip,tensor,rank,u8,2,128,0,contiguous,none,none,v4,885,390,-495,v4,997,461,-536,v4,229,165,-64
single_instruction.common_matrix,rank_roundtrip_r3_b128,roundtrip,tensor,rank,u8,3,128,0,contiguous,none,none,v4,943,427,-516,v4,1020,472,-548,v4,231,167,-64
single_instruction.common_matrix,rank_roundtrip_r4_b128,roundtrip,tensor,rank,u8,4,128,0,contiguous,none,none,v4,897,424,-473,v4,996,476,-520,v4,233,170,-63
single_instruction.common_matrix,rank_roundtrip_r5_b128,roundtrip,tensor,rank,u8,5,128,0,contiguous,none,none,v4,935,436,-499,v4,1037,482,-555,v4,235,171,-64
single_instruction.common_matrix,subbox_roundtrip_small2d_offset,roundtrip,tensor,subbox,u8,2,128,0,contiguous,none,none,v4,902,408,-494,v4,1042,515,-527,v4,241,177,-64
single_instruction.common_matrix,subbox_roundtrip_small2d_plain,roundtrip,tensor,subbox,u8,2,128,0,contiguous,none,none,v4,871,362,-509,v4,1039,496,-543,v4,229,165,-64
single_instruction.common_matrix,tensor_capacity_roundtrip_b128,roundtrip,tensor,tensor_capacity,u8,2,128,0,contiguous,none,none,v4,851,376,-475,v4,999,472,-527,v4,229,165,-64
single_instruction.common_matrix,rank_roundtrip_r1_b256,roundtrip,tensor,rank,u8,1,256,0,contiguous,none,none,v4,864,380,-484,v4,1026,470,-556,v4,231,167,-64
single_instruction.common_matrix,rank_roundtrip_r2_b256,roundtrip,tensor,rank,u8,2,256,0,contiguous,none,none,v4,887,370,-517,v4,994,475,-519,v4,233,169,-64
single_instruction.common_matrix,rank_roundtrip_r3_b256,roundtrip,tensor,rank,u8,3,256,0,contiguous,none,none,v4,898,453,-445,v4,1020,488,-532,v4,235,171,-64
single_instruction.common_matrix,rank_roundtrip_r4_b256,roundtrip,tensor,rank,u8,4,256,0,contiguous,none,none,v4,931,456,-475,v4,1016,490,-526,v4,237,174,-63
single_instruction.common_matrix,rank_roundtrip_r5_b256,roundtrip,tensor,rank,u8,5,256,0,contiguous,none,none,v4,924,427,-497,v4,1006,499,-507,v4,239,175,-64
single_instruction.common_matrix,tensor_capacity_roundtrip_b256,roundtrip,tensor,tensor_capacity,u8,2,256,0,contiguous,none,none,v4,909,389,-520,v4,992,472,-520,v4,233,169,-64
single_instruction.common_matrix,tensor_capacity_roundtrip_b512,roundtrip,tensor,tensor_capacity,u8,2,512,0,contiguous,none,none,v4,870,399,-471,v4,971,482,-489,v4,241,177,-64
single_instruction.common_matrix,swizzle128_roundtrip_b1024_plain,roundtrip,tensor,swizzle,u8,2,1024,0,contiguous,none,none,v4,944,455,-489,v4,1020,500,-520,v4,258,222,-36
single_instruction.common_matrix,swizzle128_roundtrip_b1024_swz,roundtrip,tensor,swizzle,u8,2,1024,0,contiguous,none,128,v4,950,448,-502,v4,1006,500,-506,v4,258,222,-36
single_instruction.common_matrix,swizzle32_roundtrip_b1024_plain,roundtrip,tensor,swizzle,u8,2,1024,0,contiguous,none,none,v4,943,426,-517,v4,1082,549,-533,v4,258,222,-36
single_instruction.common_matrix,swizzle32_roundtrip_b1024_swz,roundtrip,tensor,swizzle,u8,2,1024,0,contiguous,none,32,v4,932,463,-469,v4,1040,519,-521,v4,258,222,-36
single_instruction.common_matrix,swizzle64_roundtrip_b1024_plain,roundtrip,tensor,swizzle,u8,2,1024,0,contiguous,none,none,v4,963,435,-528,v4,1038,502,-536,v4,258,222,-36
single_instruction.common_matrix,swizzle64_roundtrip_b1024_swz,roundtrip,tensor,swizzle,u8,2,1024,0,contiguous,none,64,v4,890,432,-458,v4,1016,508,-508,v4,258,222,-36
single_instruction.common_matrix,tensor_capacity_roundtrip_b1024,roundtrip,tensor,tensor_capacity,u8,2,1024,0,contiguous,none,none,v4,942,446,-496,v4,1030,527,-503,v4,258,222,-36
single_instruction.common_matrix,tensor_capacity_roundtrip_b2048,roundtrip,tensor,tensor_capacity,u8,2,2048,0,contiguous,none,none,v4,958,490,-468,v4,1098,577,-521,v4,313,260,-53
single_instruction.common_matrix,dtype_roundtrip_u8_b4096,roundtrip,tensor,dtype,u8,2,4096,0,contiguous,none,none,v4,1056,564,-492,v4,1190,663,-527,v4,398,331,-67
single_instruction.common_matrix,rank_roundtrip_r2_b4096,roundtrip,tensor,rank,u8,2,4096,0,contiguous,none,none,v4,1097,569,-528,v4,1168,650,-518,v4,398,331,-67
single_instruction.common_matrix,rank_roundtrip_r3_b4096,roundtrip,tensor,rank,u8,3,4096,0,contiguous,none,none,v4,1047,590,-457,v4,1219,691,-528,v4,400,333,-67
single_instruction.common_matrix,rank_roundtrip_r4_b4096,roundtrip,tensor,rank,u8,4,4096,0,contiguous,none,none,v4,1145,637,-508,v4,1278,761,-517,v4,402,336,-66
single_instruction.common_matrix,rank_roundtrip_r5_b4096,roundtrip,tensor,rank,u8,5,4096,0,contiguous,none,none,v4,1668,1177,-491,v4,1491,972,-519,v4,404,337,-67
single_instruction.common_matrix,stride_roundtrip_s128,roundtrip,tensor,stride,u8,2,4096,0,contiguous,none,none,v4,1089,572,-517,v4,1152,650,-502,v4,398,331,-67
single_instruction.common_matrix,stride_roundtrip_s144,roundtrip,tensor,stride,u8,2,4096,0,pitched,none,none,v4,1107,643,-464,v4,1266,745,-521,v4,507,439,-68
single_instruction.common_matrix,stride_roundtrip_s256,roundtrip,tensor,stride,u8,2,4096,0,pitched,none,none,v4,1066,566,-500,v4,1184,658,-526,v4,398,331,-67
single_instruction.common_matrix,stride_roundtrip_s512,roundtrip,tensor,stride,u8,2,4096,0,pitched,none,none,v4,1063,573,-490,v4,1170,661,-509,v4,398,338,-60
single_instruction.common_matrix,subbox_roundtrip_large2d_offset,roundtrip,tensor,subbox,u8,2,4096,0,contiguous,none,none,v4,1057,595,-462,v4,1183,670,-513,v4,568,505,-63
single_instruction.common_matrix,subbox_roundtrip_large2d_plain,roundtrip,tensor,subbox,u8,2,4096,0,contiguous,none,none,v4,1090,568,-522,v4,1154,641,-513,v4,398,331,-67
single_instruction.common_matrix,subbox_roundtrip_large3d_offset,roundtrip,tensor,subbox,u8,3,4096,0,contiguous,none,none,v4,1085,595,-490,v4,1215,696,-519,v4,570,507,-63
single_instruction.common_matrix,subbox_roundtrip_large3d_plain,roundtrip,tensor,subbox,u8,3,4096,0,contiguous,none,none,v4,1053,584,-469,v4,1205,652,-553,v4,400,333,-67
single_instruction.common_matrix,swizzle128_roundtrip_b4096_plain,roundtrip,tensor,swizzle,u8,3,4096,0,contiguous,none,none,v4,1065,565,-500,v4,1187,657,-530,v4,400,333,-67
single_instruction.common_matrix,swizzle128_roundtrip_b4096_swz,roundtrip,tensor,swizzle,u8,3,4096,0,contiguous,none,128,v4,1074,583,-491,v4,1150,628,-522,v4,400,333,-67
single_instruction.common_matrix,swizzle32_roundtrip_b4096_plain,roundtrip,tensor,swizzle,u8,3,4096,0,contiguous,none,none,v4,1174,639,-535,v4,1246,714,-532,v4,400,333,-67
single_instruction.common_matrix,swizzle32_roundtrip_b4096_swz,roundtrip,tensor,swizzle,u8,3,4096,0,contiguous,none,32,v4,1102,643,-459,v4,1232,705,-527,v4,400,333,-67
single_instruction.common_matrix,swizzle64_roundtrip_b4096_plain,roundtrip,tensor,swizzle,u8,3,4096,0,contiguous,none,none,v4,1083,581,-502,v4,1207,698,-509,v4,400,333,-67
single_instruction.common_matrix,swizzle64_roundtrip_b4096_swz,roundtrip,tensor,swizzle,u8,3,4096,0,contiguous,none,64,v4,1084,582,-502,v4,1189,661,-528,v4,400,333,-67
single_instruction.common_matrix,tensor_base_roundtrip_mod128_0,roundtrip,tensor,base_alignment,u8,2,4096,0,contiguous,none,none,v4,1039,564,-475,v4,1168,652,-516,v4,398,331,-67
single_instruction.common_matrix,tensor_base_roundtrip_mod128_112,roundtrip,tensor,base_alignment,u8,2,4096,112,contiguous,none,none,v4,1408,706,-702,v4,1247,757,-490,v4,512,443,-69
single_instruction.common_matrix,tensor_base_roundtrip_mod128_16,roundtrip,tensor,base_alignment,u8,2,4096,16,contiguous,none,none,v4,1443,711,-732,v4,1883,737,-1146,v4,512,443,-69
single_instruction.common_matrix,tensor_base_roundtrip_mod128_32,roundtrip,tensor,base_alignment,u8,2,4096,32,contiguous,none,none,v4,1088,590,-498,v4,1192,673,-519,v4,512,443,-69
single_instruction.common_matrix,tensor_base_roundtrip_mod128_64,roundtrip,tensor,base_alignment,u8,2,4096,64,contiguous,none,none,v4,1101,606,-495,v4,1206,693,-513,v4,512,443,-69
single_instruction.common_matrix,tensor_capacity_roundtrip_b4096,roundtrip,tensor,tensor_capacity,u8,2,4096,0,contiguous,none,none,v4,1087,554,-533,v4,1174,650,-524,v4,398,331,-67
single_instruction.common_matrix,tensor_capacity_roundtrip_b8192,roundtrip,tensor,tensor_capacity,u8,2,8192,0,contiguous,none,none,v4,1195,733,-462,v4,1326,817,-509,v4,569,505,-64
single_instruction.common_matrix,swizzle128_roundtrip_b16384_plain,roundtrip,tensor,swizzle,u8,3,16384,0,contiguous,none,none,v4,1521,1057,-464,v4,1661,1142,-519,v4,895,824,-71
single_instruction.common_matrix,swizzle128_roundtrip_b16384_swz,roundtrip,tensor,swizzle,u8,3,16384,0,contiguous,none,128,v4,1559,1061,-498,v4,1656,1137,-519,v4,895,818,-77
single_instruction.common_matrix,swizzle32_roundtrip_b16384_plain,roundtrip,tensor,swizzle,u8,3,16384,0,contiguous,none,none,v4,1930,1407,-523,v4,1986,1468,-518,v4,895,824,-71
single_instruction.common_matrix,swizzle32_roundtrip_b16384_swz,roundtrip,tensor,swizzle,u8,3,16384,0,contiguous,none,32,v4,1880,1404,-476,v4,1973,1482,-491,v4,895,824,-71
single_instruction.common_matrix,swizzle64_roundtrip_b16384_plain,roundtrip,tensor,swizzle,u8,3,16384,0,contiguous,none,none,v4,1669,1167,-502,v4,1752,1237,-515,v4,895,818,-77
single_instruction.common_matrix,swizzle64_roundtrip_b16384_swz,roundtrip,tensor,swizzle,u8,3,16384,0,contiguous,none,64,v4,1652,1162,-490,v4,1765,1251,-514,v4,895,824,-71
single_instruction.common_matrix,tensor_capacity_roundtrip_b16384,roundtrip,tensor,tensor_capacity,u8,2,16384,0,contiguous,none,none,v4,1575,1051,-524,v4,1666,1151,-515,v4,893,822,-71
single_instruction.common_matrix,rank_roundtrip_r2_b32768,roundtrip,tensor,rank,u8,2,32768,0,contiguous,none,none,v4,2212,1717,-495,v4,2310,1785,-525,v4,1542,1481,-61
single_instruction.common_matrix,rank_roundtrip_r3_b32768,roundtrip,tensor,rank,u8,3,32768,0,contiguous,none,none,v4,2188,1714,-474,v4,2302,1789,-513,v4,1544,1478,-66
single_instruction.common_matrix,rank_roundtrip_r4_b32768,roundtrip,tensor,rank,u8,4,32768,0,contiguous,none,none,v4,2386,1923,-463,v4,2512,1994,-518,v4,1546,1485,-61
single_instruction.common_matrix,rank_roundtrip_r5_b32768,roundtrip,tensor,rank,u8,5,32768,0,contiguous,none,none,v4,2944,2444,-500,v4,3025,2509,-516,v4,1548,1486,-62
single_instruction.common_matrix,tensor_capacity_roundtrip_b32768,roundtrip,tensor,tensor_capacity,u8,2,32768,0,contiguous,none,none,v4,2181,1718,-463,v4,2300,1783,-517,v4,1542,1476,-66
