gpu,cc,l2_bytes,shard,family,case_id,path,direction,dtype,dtype_bits,rank,logical_bytes,global_span,global_offset,alignment_class,stride_class,interleave,swizzle,oob_fill,reduce_op,descriptor_mode,risk,repeat,cycles,event_ns,errors,status,descriptor_state,payload_state,source_descriptor_va,destination_descriptor_va,source_descriptor_fingerprint64,destination_descriptor_fingerprint64,prior_tma_use,descriptor_l2_warm_method,tma_prefetch_before_issue,pair_role
NVIDIA B200,10.0,132644864,layout,swizzle,swizzle32_g2s_b1024_plain,tensor,g2s,u8,8,2,1024,1024,0,aligned128,contiguous,none,none,zero,none,direct,low,0,783,10048.000,0,ok,tmau_cold_first_use_l2_hot,l2_hot,0x00002b4617000000,0x0000000000000000,0x7378b13e3247a399,0x0000000000000000,0,ld.global.cg,0,cold
NVIDIA B200,10.0,132644864,layout,swizzle,swizzle32_g2s_b1024_plain,tensor,g2s,u8,8,2,1024,1024,0,aligned128,contiguous,none,none,zero,none,direct,low,1,431,10048.000,0,ok,tmau_hot_reuse,l2_hot,0x00002b4617000000,0x0000000000000000,0x7378b13e3247a399,0x0000000000000000,1,ld.global.cg,0,hot
NVIDIA B200,10.0,132644864,layout,swizzle,swizzle32_g2s_b1024_swz,tensor,g2s,u8,8,2,1024,1024,0,aligned128,contiguous,none,32,zero,none,direct,low,0,689,3712.000,0,ok,tmau_cold_first_use_l2_hot,l2_hot,0x00002b4617001000,0x0000000000000000,0x072097e1182dc81a,0x0000000000000000,0,ld.global.cg,0,cold
NVIDIA B200,10.0,132644864,layout,swizzle,swizzle32_g2s_b1024_swz,tensor,g2s,u8,8,2,1024,1024,0,aligned128,contiguous,none,32,zero,none,direct,low,1,431,3712.000,0,ok,tmau_hot_reuse,l2_hot,0x00002b4617001000,0x0000000000000000,0x072097e1182dc81a,0x0000000000000000,1,ld.global.cg,0,hot
NVIDIA B200,10.0,132644864,layout,swizzle,swizzle32_s2g_b1024_plain,tensor,s2g,u8,8,2,1024,1024,0,aligned128,contiguous,none,none,zero,none,direct,low,0,315,7904.000,0,ok,tmau_cold_first_use_l2_hot,l2_hot,0x0000000000000000,0x00002b4617002000,0x0000000000000000,0xdf687c03c020ce91,0,ld.global.cg,0,cold
NVIDIA B200,10.0,132644864,layout,swizzle,swizzle32_s2g_b1024_plain,tensor,s2g,u8,8,2,1024,1024,0,aligned128,contiguous,none,none,zero,none,direct,low,1,76,7904.000,0,ok,tmau_hot_reuse,l2_hot,0x0000000000000000,0x00002b4617002000,0x0000000000000000,0xdf687c03c020ce91,1,ld.global.cg,0,hot
NVIDIA B200,10.0,132644864,layout,swizzle,swizzle32_s2g_b1024_swz,tensor,s2g,u8,8,2,1024,1024,0,aligned128,contiguous,none,32,zero,none,direct,low,0,352,3312.000,0,ok,tmau_cold_first_use_l2_hot,l2_hot,0x0000000000000000,0x00002b4617003000,0x0000000000000000,0xcb8f0639069c6632,0,ld.global.cg,0,cold
NVIDIA B200,10.0,132644864,layout,swizzle,swizzle32_s2g_b1024_swz,tensor,s2g,u8,8,2,1024,1024,0,aligned128,contiguous,none,32,zero,none,direct,low,1,76,3312.000,0,ok,tmau_hot_reuse,l2_hot,0x0000000000000000,0x00002b4617003000,0x0000000000000000,0xcb8f0639069c6632,1,ld.global.cg,0,hot
NVIDIA B200,10.0,132644864,layout,swizzle,swizzle32_roundtrip_b1024_plain,tensor,roundtrip,u8,8,2,1024,1024,0,aligned128,contiguous,none,none,zero,none,direct,low,0,1082,7968.000,0,ok,tmau_cold_first_use_l2_hot,l2_hot,0x00002b4617004000,0x00002b4617005000,0x337aee3acf7f6309,0xf6f7c2a760f71eb5,0,ld.global.cg,0,cold
NVIDIA B200,10.0,132644864,layout,swizzle,swizzle32_roundtrip_b1024_plain,tensor,roundtrip,u8,8,2,1024,1024,0,aligned128,contiguous,none,none,zero,none,direct,low,1,549,7968.000,0,ok,tmau_hot_reuse,l2_hot,0x00002b4617004000,0x00002b4617005000,0x337aee3acf7f6309,0xf6f7c2a760f71eb5,1,ld.global.cg,0,hot
NVIDIA B200,10.0,132644864,layout,swizzle,swizzle32_roundtrip_b1024_swz,tensor,roundtrip,u8,8,2,1024,1024,0,aligned128,contiguous,none,32,zero,none,direct,low,0,1040,3424.000,0,ok,tmau_cold_first_use_l2_hot,l2_hot,0x00002b4617006000,0x00002b4617007000,0xe316a55cf6498456,0x5c71ec4658d78882,0,ld.global.cg,0,cold
NVIDIA B200,10.0,132644864,layout,swizzle,swizzle32_roundtrip_b1024_swz,tensor,roundtrip,u8,8,2,1024,1024,0,aligned128,contiguous,none,32,zero,none,direct,low,1,519,3424.000,0,ok,tmau_hot_reuse,l2_hot,0x00002b4617006000,0x00002b4617007000,0xe316a55cf6498456,0x5c71ec4658d78882,1,ld.global.cg,0,hot
NVIDIA B200,10.0,132644864,layout,swizzle,swizzle32_g2s_b4096_plain,tensor,g2s,u8,8,3,4096,4096,0,aligned128,contiguous,none,none,zero,none,direct,low,0,905,14640.000,0,ok,tmau_cold_first_use_l2_hot,l2_hot,0x00002b4617008000,0x0000000000000000,0x7896ff01e5a3de37,0x0000000000000000,0,ld.global.cg,0,cold
NVIDIA B200,10.0,132644864,layout,swizzle,swizzle32_g2s_b4096_plain,tensor,g2s,u8,8,3,4096,4096,0,aligned128,contiguous,none,none,zero,none,direct,low,1,581,14640.000,0,ok,tmau_hot_reuse,l2_hot,0x00002b4617008000,0x0000000000000000,0x7896ff01e5a3de37,0x0000000000000000,1,ld.global.cg,0,hot
NVIDIA B200,10.0,132644864,layout,swizzle,swizzle32_g2s_b4096_swz,tensor,g2s,u8,8,3,4096,4096,0,aligned128,contiguous,none,32,zero,none,direct,low,0,840,4544.000,0,ok,tmau_cold_first_use_l2_hot,l2_hot,0x00002b4617009000,0x0000000000000000,0x147219443b32e69c,0x0000000000000000,0,ld.global.cg,0,cold
NVIDIA B200,10.0,132644864,layout,swizzle,swizzle32_g2s_b4096_swz,tensor,g2s,u8,8,3,4096,4096,0,aligned128,contiguous,none,32,zero,none,direct,low,1,581,4544.000,0,ok,tmau_hot_reuse,l2_hot,0x00002b4617009000,0x0000000000000000,0x147219443b32e69c,0x0000000000000000,1,ld.global.cg,0,hot
NVIDIA B200,10.0,132644864,layout,swizzle,swizzle32_s2g_b4096_plain,tensor,s2g,u8,8,3,4096,4096,0,aligned128,contiguous,none,none,zero,none,direct,low,0,415,8128.000,0,ok,tmau_cold_first_use_l2_hot,l2_hot,0x0000000000000000,0x00002b461700a000,0x0000000000000000,0x765251d48525a817,0,ld.global.cg,0,cold
NVIDIA B200,10.0,132644864,layout,swizzle,swizzle32_s2g_b4096_plain,tensor,s2g,u8,8,3,4096,4096,0,aligned128,contiguous,none,none,zero,none,direct,low,1,173,8128.000,0,ok,tmau_hot_reuse,l2_hot,0x0000000000000000,0x00002b461700a000,0x0000000000000000,0x765251d48525a817,1,ld.global.cg,0,hot
NVIDIA B200,10.0,132644864,layout,swizzle,swizzle32_s2g_b4096_swz,tensor,s2g,u8,8,3,4096,4096,0,aligned128,contiguous,none,32,zero,none,direct,low,0,437,3136.000,0,ok,tmau_cold_first_use_l2_hot,l2_hot,0x0000000000000000,0x00002b461700b000,0x0000000000000000,0xeac2ecc5287127bc,0,ld.global.cg,0,cold
NVIDIA B200,10.0,132644864,layout,swizzle,swizzle32_s2g_b4096_swz,tensor,s2g,u8,8,3,4096,4096,0,aligned128,contiguous,none,32,zero,none,direct,low,1,173,3136.000,0,ok,tmau_hot_reuse,l2_hot,0x0000000000000000,0x00002b461700b000,0x0000000000000000,0xeac2ecc5287127bc,1,ld.global.cg,0,hot
NVIDIA B200,10.0,132644864,layout,swizzle,swizzle32_roundtrip_b4096_plain,tensor,roundtrip,u8,8,3,4096,4096,0,aligned128,contiguous,none,none,zero,none,direct,low,0,1246,6784.000,0,ok,tmau_cold_first_use_l2_hot,l2_hot,0x00002b461700c000,0x00002b461700d000,0xd0215b3eb0738477,0x65bd19ddd61e0b6e,0,ld.global.cg,0,cold
NVIDIA B200,10.0,132644864,layout,swizzle,swizzle32_roundtrip_b4096_plain,tensor,roundtrip,u8,8,3,4096,4096,0,aligned128,contiguous,none,none,zero,none,direct,low,1,714,6784.000,0,ok,tmau_hot_reuse,l2_hot,0x00002b461700c000,0x00002b461700d000,0xd0215b3eb0738477,0x65bd19ddd61e0b6e,1,ld.global.cg,0,hot
NVIDIA B200,10.0,132644864,layout,swizzle,swizzle32_roundtrip_b4096_swz,tensor,roundtrip,u8,8,3,4096,4096,0,aligned128,contiguous,none,32,zero,none,direct,low,0,1232,3392.000,0,ok,tmau_cold_first_use_l2_hot,l2_hot,0x00002b461700e000,0x00002b461700f000,0x8f51b5cd25f68069,0xff43b55962872d59,0,ld.global.cg,0,cold
NVIDIA B200,10.0,132644864,layout,swizzle,swizzle32_roundtrip_b4096_swz,tensor,roundtrip,u8,8,3,4096,4096,0,aligned128,contiguous,none,32,zero,none,direct,low,1,705,3392.000,0,ok,tmau_hot_reuse,l2_hot,0x00002b461700e000,0x00002b461700f000,0x8f51b5cd25f68069,0xff43b55962872d59,1,ld.global.cg,0,hot
NVIDIA B200,10.0,132644864,layout,swizzle,swizzle32_g2s_b16384_plain,tensor,g2s,u8,8,3,16384,16384,0,aligned128,contiguous,none,none,zero,none,direct,low,0,1201,6368.000,0,ok,tmau_cold_first_use_l2_hot,l2_hot,0x00002b4617010000,0x0000000000000000,0x54a0f9a7edbdff1e,0x0000000000000000,0,ld.global.cg,0,cold
NVIDIA B200,10.0,132644864,layout,swizzle,swizzle32_g2s_b16384_plain,tensor,g2s,u8,8,3,16384,16384,0,aligned128,contiguous,none,none,zero,none,direct,low,1,1026,6368.000,0,ok,tmau_hot_reuse,l2_hot,0x00002b4617010000,0x0000000000000000,0x54a0f9a7edbdff1e,0x0000000000000000,1,ld.global.cg,0,hot
NVIDIA B200,10.0,132644864,layout,swizzle,swizzle32_g2s_b16384_swz,tensor,g2s,u8,8,3,16384,16384,0,aligned128,contiguous,none,32,zero,none,direct,low,0,1284,6528.000,0,ok,tmau_cold_first_use_l2_hot,l2_hot,0x00002b4617011000,0x0000000000000000,0x3c5a3074137b4a09,0x0000000000000000,0,ld.global.cg,0,cold
NVIDIA B200,10.0,132644864,layout,swizzle,swizzle32_g2s_b16384_swz,tensor,g2s,u8,8,3,16384,16384,0,aligned128,contiguous,none,32,zero,none,direct,low,1,1025,6528.000,0,ok,tmau_hot_reuse,l2_hot,0x00002b4617011000,0x0000000000000000,0x3c5a3074137b4a09,0x0000000000000000,1,ld.global.cg,0,hot
NVIDIA B200,10.0,132644864,layout,swizzle,swizzle32_s2g_b16384_plain,tensor,s2g,u8,8,3,16384,16384,0,aligned128,contiguous,none,none,zero,none,direct,low,0,814,5344.000,0,ok,tmau_cold_first_use_l2_hot,l2_hot,0x0000000000000000,0x00002b4617012000,0x0000000000000000,0x10004f911f38419e,0,ld.global.cg,0,cold
NVIDIA B200,10.0,132644864,layout,swizzle,swizzle32_s2g_b16384_plain,tensor,s2g,u8,8,3,16384,16384,0,aligned128,contiguous,none,none,zero,none,direct,low,1,557,5344.000,0,ok,tmau_hot_reuse,l2_hot,0x0000000000000000,0x00002b4617012000,0x0000000000000000,0x10004f911f38419e,1,ld.global.cg,0,hot
NVIDIA B200,10.0,132644864,layout,swizzle,swizzle32_s2g_b16384_swz,tensor,s2g,u8,8,3,16384,16384,0,aligned128,contiguous,none,32,zero,none,direct,low,0,809,4976.000,0,ok,tmau_cold_first_use_l2_hot,l2_hot,0x0000000000000000,0x00002b4617013000,0x0000000000000000,0xf7b9865d44f58c89,0,ld.global.cg,0,cold
NVIDIA B200,10.0,132644864,layout,swizzle,swizzle32_s2g_b16384_swz,tensor,s2g,u8,8,3,16384,16384,0,aligned128,contiguous,none,32,zero,none,direct,low,1,557,4976.000,0,ok,tmau_hot_reuse,l2_hot,0x0000000000000000,0x00002b4617013000,0x0000000000000000,0xf7b9865d44f58c89,1,ld.global.cg,0,hot
NVIDIA B200,10.0,132644864,layout,swizzle,swizzle32_roundtrip_b16384_plain,tensor,roundtrip,u8,8,3,16384,16384,0,aligned128,contiguous,none,none,zero,none,direct,low,0,1986,3344.000,0,ok,tmau_cold_first_use_l2_hot,l2_hot,0x00002b4617014000,0x00002b4617015000,0x14bf4fc0e9a2d345,0xec7ed017ce4a3c05,0,ld.global.cg,0,cold
NVIDIA B200,10.0,132644864,layout,swizzle,swizzle32_roundtrip_b16384_plain,tensor,roundtrip,u8,8,3,16384,16384,0,aligned128,contiguous,none,none,zero,none,direct,low,1,1468,3344.000,0,ok,tmau_hot_reuse,l2_hot,0x00002b4617014000,0x00002b4617015000,0x14bf4fc0e9a2d345,0xec7ed017ce4a3c05,1,ld.global.cg,0,hot
NVIDIA B200,10.0,132644864,layout,swizzle,swizzle32_roundtrip_b16384_swz,tensor,roundtrip,u8,8,3,16384,16384,0,aligned128,contiguous,none,32,zero,none,direct,low,0,1973,3536.000,0,ok,tmau_cold_first_use_l2_hot,l2_hot,0x00002b4617016000,0x00002b4617017000,0xb5718e468884141a,0x8cc6c669397bf7da,0,ld.global.cg,0,cold
NVIDIA B200,10.0,132644864,layout,swizzle,swizzle32_roundtrip_b16384_swz,tensor,roundtrip,u8,8,3,16384,16384,0,aligned128,contiguous,none,32,zero,none,direct,low,1,1482,3536.000,0,ok,tmau_hot_reuse,l2_hot,0x00002b4617016000,0x00002b4617017000,0xb5718e468884141a,0x8cc6c669397bf7da,1,ld.global.cg,0,hot
NVIDIA B200,10.0,132644864,layout,swizzle,swizzle64_g2s_b1024_plain,tensor,g2s,u8,8,2,1024,1024,0,aligned128,contiguous,none,none,zero,none,direct,low,0,783,5280.000,0,ok,tmau_cold_first_use_l2_hot,l2_hot,0x00002b4617018000,0x0000000000000000,0xdbe3619415689664,0x0000000000000000,0,ld.global.cg,0,cold
NVIDIA B200,10.0,132644864,layout,swizzle,swizzle64_g2s_b1024_plain,tensor,g2s,u8,8,2,1024,1024,0,aligned128,contiguous,none,none,zero,none,direct,low,1,431,5280.000,0,ok,tmau_hot_reuse,l2_hot,0x00002b4617018000,0x0000000000000000,0xdbe3619415689664,0x0000000000000000,1,ld.global.cg,0,hot
NVIDIA B200,10.0,132644864,layout,swizzle,swizzle64_g2s_b1024_swz,tensor,g2s,u8,8,2,1024,1024,0,aligned128,contiguous,none,64,zero,none,direct,low,0,689,2960.000,0,ok,tmau_cold_first_use_l2_hot,l2_hot,0x00002b4617019000,0x0000000000000000,0x226b28278a57fdfe,0x0000000000000000,0,ld.global.cg,0,cold
NVIDIA B200,10.0,132644864,layout,swizzle,swizzle64_g2s_b1024_swz,tensor,g2s,u8,8,2,1024,1024,0,aligned128,contiguous,none,64,zero,none,direct,low,1,431,2960.000,0,ok,tmau_hot_reuse,l2_hot,0x00002b4617019000,0x0000000000000000,0x226b28278a57fdfe,0x0000000000000000,1,ld.global.cg,0,hot
NVIDIA B200,10.0,132644864,layout,swizzle,swizzle64_s2g_b1024_plain,tensor,s2g,u8,8,2,1024,1024,0,aligned128,contiguous,none,none,zero,none,direct,low,0,343,3584.000,0,ok,tmau_cold_first_use_l2_hot,l2_hot,0x0000000000000000,0x00002b461701a000,0x0000000000000000,0xee9223cec65a59bc,0,ld.global.cg,0,cold
NVIDIA B200,10.0,132644864,layout,swizzle,swizzle64_s2g_b1024_plain,tensor,s2g,u8,8,2,1024,1024,0,aligned128,contiguous,none,none,zero,none,direct,low,1,77,3584.000,0,ok,tmau_hot_reuse,l2_hot,0x0000000000000000,0x00002b461701a000,0x0000000000000000,0xee9223cec65a59bc,1,ld.global.cg,0,hot
NVIDIA B200,10.0,132644864,layout,swizzle,swizzle64_s2g_b1024_swz,tensor,s2g,u8,8,2,1024,1024,0,aligned128,contiguous,none,64,zero,none,direct,low,0,324,3136.000,0,ok,tmau_cold_first_use_l2_hot,l2_hot,0x0000000000000000,0x00002b461701b000,0x0000000000000000,0xde4c1ea0167c8a56,0,ld.global.cg,0,cold
NVIDIA B200,10.0,132644864,layout,swizzle,swizzle64_s2g_b1024_swz,tensor,s2g,u8,8,2,1024,1024,0,aligned128,contiguous,none,64,zero,none,direct,low,1,77,3136.000,0,ok,tmau_hot_reuse,l2_hot,0x0000000000000000,0x00002b461701b000,0x0000000000000000,0xde4c1ea0167c8a56,1,ld.global.cg,0,hot
NVIDIA B200,10.0,132644864,layout,swizzle,swizzle64_roundtrip_b1024_plain,tensor,roundtrip,u8,8,2,1024,1024,0,aligned128,contiguous,none,none,zero,none,direct,low,0,1038,3520.000,0,ok,tmau_cold_first_use_l2_hot,l2_hot,0x00002b461701c000,0x00002b461701d000,0x077065c2dc795594,0x8394fb27cf008408,0,ld.global.cg,0,cold
NVIDIA B200,10.0,132644864,layout,swizzle,swizzle64_roundtrip_b1024_plain,tensor,roundtrip,u8,8,2,1024,1024,0,aligned128,contiguous,none,none,zero,none,direct,low,1,502,3520.000,0,ok,tmau_hot_reuse,l2_hot,0x00002b461701c000,0x00002b461701d000,0x077065c2dc795594,0x8394fb27cf008408,1,ld.global.cg,0,hot
NVIDIA B200,10.0,132644864,layout,swizzle,swizzle64_roundtrip_b1024_swz,tensor,roundtrip,u8,8,2,1024,1024,0,aligned128,contiguous,none,64,zero,none,direct,low,0,1016,3248.000,0,ok,tmau_cold_first_use_l2_hot,l2_hot,0x00002b461701e000,0x00002b461701f000,0xebf21e84839e69b2,0x8acdc79b73ad1ce6,0,ld.global.cg,0,cold
NVIDIA B200,10.0,132644864,layout,swizzle,swizzle64_roundtrip_b1024_swz,tensor,roundtrip,u8,8,2,1024,1024,0,aligned128,contiguous,none,64,zero,none,direct,low,1,508,3248.000,0,ok,tmau_hot_reuse,l2_hot,0x00002b461701e000,0x00002b461701f000,0xebf21e84839e69b2,0x8acdc79b73ad1ce6,1,ld.global.cg,0,hot
NVIDIA B200,10.0,132644864,layout,swizzle,swizzle64_g2s_b4096_plain,tensor,g2s,u8,8,3,4096,4096,0,aligned128,contiguous,none,none,zero,none,direct,low,0,754,4384.000,0,ok,tmau_cold_first_use_l2_hot,l2_hot,0x00002b4617020000,0x0000000000000000,0xd0dc59bee6ffac5a,0x0000000000000000,0,ld.global.cg,0,cold
NVIDIA B200,10.0,132644864,layout,swizzle,swizzle64_g2s_b4096_plain,tensor,g2s,u8,8,3,4096,4096,0,aligned128,contiguous,none,none,zero,none,direct,low,1,581,4384.000,0,ok,tmau_hot_reuse,l2_hot,0x00002b4617020000,0x0000000000000000,0xd0dc59bee6ffac5a,0x0000000000000000,1,ld.global.cg,0,hot
NVIDIA B200,10.0,132644864,layout,swizzle,swizzle64_g2s_b4096_swz,tensor,g2s,u8,8,3,4096,4096,0,aligned128,contiguous,none,64,zero,none,direct,low,0,840,4208.000,0,ok,tmau_cold_first_use_l2_hot,l2_hot,0x00002b4617021000,0x0000000000000000,0xa3e96918001bcce4,0x0000000000000000,0,ld.global.cg,0,cold
NVIDIA B200,10.0,132644864,layout,swizzle,swizzle64_g2s_b4096_swz,tensor,g2s,u8,8,3,4096,4096,0,aligned128,contiguous,none,64,zero,none,direct,low,1,581,4208.000,0,ok,tmau_hot_reuse,l2_hot,0x00002b4617021000,0x0000000000000000,0xa3e96918001bcce4,0x0000000000000000,1,ld.global.cg,0,hot
NVIDIA B200,10.0,132644864,layout,swizzle,swizzle64_s2g_b4096_plain,tensor,s2g,u8,8,3,4096,4096,0,aligned128,contiguous,none,none,zero,none,direct,low,0,434,3504.000,0,ok,tmau_cold_first_use_l2_hot,l2_hot,0x0000000000000000,0x00002b4617022000,0x0000000000000000,0x929a226d8dce9bfa,0,ld.global.cg,0,cold
NVIDIA B200,10.0,132644864,layout,swizzle,swizzle64_s2g_b4096_plain,tensor,s2g,u8,8,3,4096,4096,0,aligned128,contiguous,none,none,zero,none,direct,low,1,174,3504.000,0,ok,tmau_hot_reuse,l2_hot,0x0000000000000000,0x00002b4617022000,0x0000000000000000,0x929a226d8dce9bfa,1,ld.global.cg,0,hot
NVIDIA B200,10.0,132644864,layout,swizzle,swizzle64_s2g_b4096_swz,tensor,s2g,u8,8,3,4096,4096,0,aligned128,contiguous,none,64,zero,none,direct,low,0,422,3008.000,0,ok,tmau_cold_first_use_l2_hot,l2_hot,0x0000000000000000,0x00002b4617023000,0x0000000000000000,0x986df8a2254f3804,0,ld.global.cg,0,cold
NVIDIA B200,10.0,132644864,layout,swizzle,swizzle64_s2g_b4096_swz,tensor,s2g,u8,8,3,4096,4096,0,aligned128,contiguous,none,64,zero,none,direct,low,1,174,3008.000,0,ok,tmau_hot_reuse,l2_hot,0x0000000000000000,0x00002b4617023000,0x0000000000000000,0x986df8a2254f3804,1,ld.global.cg,0,hot
NVIDIA B200,10.0,132644864,layout,swizzle,swizzle64_roundtrip_b4096_plain,tensor,roundtrip,u8,8,3,4096,4096,0,aligned128,contiguous,none,none,zero,none,direct,low,0,1207,3520.000,0,ok,tmau_cold_first_use_l2_hot,l2_hot,0x00002b4617024000,0x00002b4617025000,0x34b1536b4daa489a,0x66c874347997018a,0,ld.global.cg,0,cold
NVIDIA B200,10.0,132644864,layout,swizzle,swizzle64_roundtrip_b4096_plain,tensor,roundtrip,u8,8,3,4096,4096,0,aligned128,contiguous,none,none,zero,none,direct,low,1,698,3520.000,0,ok,tmau_hot_reuse,l2_hot,0x00002b4617024000,0x00002b4617025000,0x34b1536b4daa489a,0x66c874347997018a,1,ld.global.cg,0,hot
NVIDIA B200,10.0,132644864,layout,swizzle,swizzle64_roundtrip_b4096_swz,tensor,roundtrip,u8,8,3,4096,4096,0,aligned128,contiguous,none,64,zero,none,direct,low,0,1189,3536.000,0,ok,tmau_cold_first_use_l2_hot,l2_hot,0x00002b4617026000,0x00002b4617027000,0xb0d0629ba316d2b4,0xa684d843ea8841c4,0,ld.global.cg,0,cold
NVIDIA B200,10.0,132644864,layout,swizzle,swizzle64_roundtrip_b4096_swz,tensor,roundtrip,u8,8,3,4096,4096,0,aligned128,contiguous,none,64,zero,none,direct,low,1,661,3536.000,0,ok,tmau_hot_reuse,l2_hot,0x00002b4617026000,0x00002b4617027000,0xb0d0629ba316d2b4,0xa684d843ea8841c4,1,ld.global.cg,0,hot
NVIDIA B200,10.0,132644864,layout,swizzle,swizzle64_g2s_b16384_plain,tensor,g2s,u8,8,3,16384,16384,0,aligned128,contiguous,none,none,zero,none,direct,low,0,988,6400.000,0,ok,tmau_cold_first_use_l2_hot,l2_hot,0x00002b4617028000,0x0000000000000000,0xb69603c280d7428a,0x0000000000000000,0,ld.global.cg,0,cold
NVIDIA B200,10.0,132644864,layout,swizzle,swizzle64_g2s_b16384_plain,tensor,g2s,u8,8,3,16384,16384,0,aligned128,contiguous,none,none,zero,none,direct,low,1,729,6400.000,0,ok,tmau_hot_reuse,l2_hot,0x00002b4617028000,0x0000000000000000,0xb69603c280d7428a,0x0000000000000000,1,ld.global.cg,0,hot
NVIDIA B200,10.0,132644864,layout,swizzle,swizzle64_g2s_b16384_swz,tensor,g2s,u8,8,3,16384,16384,0,aligned128,contiguous,none,64,zero,none,direct,low,0,988,7024.000,0,ok,tmau_cold_first_use_l2_hot,l2_hot,0x00002b4617029000,0x0000000000000000,0x1c9eaecce7fd986f,0x0000000000000000,0,ld.global.cg,0,cold
NVIDIA B200,10.0,132644864,layout,swizzle,swizzle64_g2s_b16384_swz,tensor,g2s,u8,8,3,16384,16384,0,aligned128,contiguous,none,64,zero,none,direct,low,1,729,7024.000,0,ok,tmau_hot_reuse,l2_hot,0x00002b4617029000,0x0000000000000000,0x1c9eaecce7fd986f,0x0000000000000000,1,ld.global.cg,0,hot
NVIDIA B200,10.0,132644864,layout,swizzle,swizzle64_s2g_b16384_plain,tensor,s2g,u8,8,3,16384,16384,0,aligned128,contiguous,none,none,zero,none,direct,low,0,832,5520.000,0,ok,tmau_cold_first_use_l2_hot,l2_hot,0x0000000000000000,0x00002b461702a000,0x0000000000000000,0x98c732c042acb1b5,0,ld.global.cg,0,cold
NVIDIA B200,10.0,132644864,layout,swizzle,swizzle64_s2g_b16384_plain,tensor,s2g,u8,8,3,16384,16384,0,aligned128,contiguous,none,none,zero,none,direct,low,1,558,5520.000,0,ok,tmau_hot_reuse,l2_hot,0x0000000000000000,0x00002b461702a000,0x0000000000000000,0x98c732c042acb1b5,1,ld.global.cg,0,hot
NVIDIA B200,10.0,132644864,layout,swizzle,swizzle64_s2g_b16384_swz,tensor,s2g,u8,8,3,16384,16384,0,aligned128,contiguous,none,64,zero,none,direct,low,0,791,5312.000,0,ok,tmau_cold_first_use_l2_hot,l2_hot,0x0000000000000000,0x00002b461702b000,0x0000000000000000,0xd7fe04b61977daef,0,ld.global.cg,0,cold
NVIDIA B200,10.0,132644864,layout,swizzle,swizzle64_s2g_b16384_swz,tensor,s2g,u8,8,3,16384,16384,0,aligned128,contiguous,none,64,zero,none,direct,low,1,558,5312.000,0,ok,tmau_hot_reuse,l2_hot,0x0000000000000000,0x00002b461702b000,0x0000000000000000,0xd7fe04b61977daef,1,ld.global.cg,0,hot
NVIDIA B200,10.0,132644864,layout,swizzle,swizzle64_roundtrip_b16384_plain,tensor,roundtrip,u8,8,3,16384,16384,0,aligned128,contiguous,none,none,zero,none,direct,low,0,1752,3344.000,0,ok,tmau_cold_first_use_l2_hot,l2_hot,0x00002b461702c000,0x00002b461702d000,0x542688a97426f435,0xfd1e669e2a6220ac,0,ld.global.cg,0,cold
NVIDIA B200,10.0,132644864,layout,swizzle,swizzle64_roundtrip_b16384_plain,tensor,roundtrip,u8,8,3,16384,16384,0,aligned128,contiguous,none,none,zero,none,direct,low,1,1237,3344.000,0,ok,tmau_hot_reuse,l2_hot,0x00002b461702c000,0x00002b461702d000,0x542688a97426f435,0xfd1e669e2a6220ac,1,ld.global.cg,0,hot
NVIDIA B200,10.0,132644864,layout,swizzle,swizzle64_roundtrip_b16384_swz,tensor,roundtrip,u8,8,3,16384,16384,0,aligned128,contiguous,none,64,zero,none,direct,low,0,1765,3296.000,0,ok,tmau_cold_first_use_l2_hot,l2_hot,0x00002b461702e000,0x00002b461702f000,0x0ed2dc2ebdf7aaf2,0x739e393175936bb2,0,ld.global.cg,0,cold
NVIDIA B200,10.0,132644864,layout,swizzle,swizzle64_roundtrip_b16384_swz,tensor,roundtrip,u8,8,3,16384,16384,0,aligned128,contiguous,none,64,zero,none,direct,low,1,1251,3296.000,0,ok,tmau_hot_reuse,l2_hot,0x00002b461702e000,0x00002b461702f000,0x0ed2dc2ebdf7aaf2,0x739e393175936bb2,1,ld.global.cg,0,hot
NVIDIA B200,10.0,132644864,layout,swizzle,swizzle128_g2s_b1024_plain,tensor,g2s,u8,8,2,1024,1024,0,aligned128,contiguous,none,none,zero,none,direct,low,0,722,3472.000,0,ok,tmau_cold_first_use_l2_hot,l2_hot,0x00002b4617030000,0x0000000000000000,0x3784802496859142,0x0000000000000000,0,ld.global.cg,0,cold
NVIDIA B200,10.0,132644864,layout,swizzle,swizzle128_g2s_b1024_plain,tensor,g2s,u8,8,2,1024,1024,0,aligned128,contiguous,none,none,zero,none,direct,low,1,431,3472.000,0,ok,tmau_hot_reuse,l2_hot,0x00002b4617030000,0x0000000000000000,0x3784802496859142,0x0000000000000000,1,ld.global.cg,0,hot
NVIDIA B200,10.0,132644864,layout,swizzle,swizzle128_g2s_b1024_swz,tensor,g2s,u8,8,2,1024,1024,0,aligned128,contiguous,none,128,zero,none,direct,low,0,689,3776.000,0,ok,tmau_cold_first_use_l2_hot,l2_hot,0x00002b4617031000,0x0000000000000000,0x287db4355f553e62,0x0000000000000000,0,ld.global.cg,0,cold
NVIDIA B200,10.0,132644864,layout,swizzle,swizzle128_g2s_b1024_swz,tensor,g2s,u8,8,2,1024,1024,0,aligned128,contiguous,none,128,zero,none,direct,low,1,431,3776.000,0,ok,tmau_hot_reuse,l2_hot,0x00002b4617031000,0x0000000000000000,0x287db4355f553e62,0x0000000000000000,1,ld.global.cg,0,hot
NVIDIA B200,10.0,132644864,layout,swizzle,swizzle128_s2g_b1024_plain,tensor,s2g,u8,8,2,1024,1024,0,aligned128,contiguous,none,none,zero,none,direct,low,0,339,3120.000,0,ok,tmau_cold_first_use_l2_hot,l2_hot,0x0000000000000000,0x00002b4617032000,0x0000000000000000,0x48713d38131101fa,0,ld.global.cg,0,cold
NVIDIA B200,10.0,132644864,layout,swizzle,swizzle128_s2g_b1024_plain,tensor,s2g,u8,8,2,1024,1024,0,aligned128,contiguous,none,none,zero,none,direct,low,1,79,3120.000,0,ok,tmau_hot_reuse,l2_hot,0x0000000000000000,0x00002b4617032000,0x0000000000000000,0x48713d38131101fa,1,ld.global.cg,0,hot
NVIDIA B200,10.0,132644864,layout,swizzle,swizzle128_s2g_b1024_swz,tensor,s2g,u8,8,2,1024,1024,0,aligned128,contiguous,none,128,zero,none,direct,low,0,331,2944.000,0,ok,tmau_cold_first_use_l2_hot,l2_hot,0x0000000000000000,0x00002b4617033000,0x0000000000000000,0xa07767cd13228f1a,0,ld.global.cg,0,cold
NVIDIA B200,10.0,132644864,layout,swizzle,swizzle128_s2g_b1024_swz,tensor,s2g,u8,8,2,1024,1024,0,aligned128,contiguous,none,128,zero,none,direct,low,1,79,2944.000,0,ok,tmau_hot_reuse,l2_hot,0x0000000000000000,0x00002b4617033000,0x0000000000000000,0xa07767cd13228f1a,1,ld.global.cg,0,hot
NVIDIA B200,10.0,132644864,layout,swizzle,swizzle128_roundtrip_b1024_plain,tensor,roundtrip,u8,8,2,1024,1024,0,aligned128,contiguous,none,none,zero,none,direct,low,0,1020,3056.000,0,ok,tmau_cold_first_use_l2_hot,l2_hot,0x00002b4617034000,0x00002b4617035000,0x1e7f8aa7abf1c6f2,0x8a6da7788911a236,0,ld.global.cg,0,cold
NVIDIA B200,10.0,132644864,layout,swizzle,swizzle128_roundtrip_b1024_plain,tensor,roundtrip,u8,8,2,1024,1024,0,aligned128,contiguous,none,none,zero,none,direct,low,1,500,3056.000,0,ok,tmau_hot_reuse,l2_hot,0x00002b4617034000,0x00002b4617035000,0x1e7f8aa7abf1c6f2,0x8a6da7788911a236,1,ld.global.cg,0,hot
NVIDIA B200,10.0,132644864,layout,swizzle,swizzle128_roundtrip_b1024_swz,tensor,roundtrip,u8,8,2,1024,1024,0,aligned128,contiguous,none,128,zero,none,direct,low,0,1006,3168.000,0,ok,tmau_cold_first_use_l2_hot,l2_hot,0x00002b4617036000,0x00002b4617037000,0x49644d76a869086e,0x1e2652998d45dcaa,0,ld.global.cg,0,cold
NVIDIA B200,10.0,132644864,layout,swizzle,swizzle128_roundtrip_b1024_swz,tensor,roundtrip,u8,8,2,1024,1024,0,aligned128,contiguous,none,128,zero,none,direct,low,1,500,3168.000,0,ok,tmau_hot_reuse,l2_hot,0x00002b4617036000,0x00002b4617037000,0x49644d76a869086e,0x1e2652998d45dcaa,1,ld.global.cg,0,hot
NVIDIA B200,10.0,132644864,layout,swizzle,swizzle128_g2s_b4096_plain,tensor,g2s,u8,8,3,4096,4096,0,aligned128,contiguous,none,none,zero,none,direct,low,0,754,4304.000,0,ok,tmau_cold_first_use_l2_hot,l2_hot,0x00002b4617038000,0x0000000000000000,0x1715bc87900a2c78,0x0000000000000000,0,ld.global.cg,0,cold
NVIDIA B200,10.0,132644864,layout,swizzle,swizzle128_g2s_b4096_plain,tensor,g2s,u8,8,3,4096,4096,0,aligned128,contiguous,none,none,zero,none,direct,low,1,433,4304.000,0,ok,tmau_hot_reuse,l2_hot,0x00002b4617038000,0x0000000000000000,0x1715bc87900a2c78,0x0000000000000000,1,ld.global.cg,0,hot
NVIDIA B200,10.0,132644864,layout,swizzle,swizzle128_g2s_b4096_swz,tensor,g2s,u8,8,3,4096,4096,0,aligned128,contiguous,none,128,zero,none,direct,low,0,840,4240.000,0,ok,tmau_cold_first_use_l2_hot,l2_hot,0x00002b4617039000,0x0000000000000000,0x15b49f703baff09f,0x0000000000000000,0,ld.global.cg,0,cold
NVIDIA B200,10.0,132644864,layout,swizzle,swizzle128_g2s_b4096_swz,tensor,g2s,u8,8,3,4096,4096,0,aligned128,contiguous,none,128,zero,none,direct,low,1,581,4240.000,0,ok,tmau_hot_reuse,l2_hot,0x00002b4617039000,0x0000000000000000,0x15b49f703baff09f,0x0000000000000000,1,ld.global.cg,0,hot
NVIDIA B200,10.0,132644864,layout,swizzle,swizzle128_s2g_b4096_plain,tensor,s2g,u8,8,3,4096,4096,0,aligned128,contiguous,none,none,zero,none,direct,low,0,439,3232.000,0,ok,tmau_cold_first_use_l2_hot,l2_hot,0x0000000000000000,0x00002b461703a000,0x0000000000000000,0xc0fe490468c17bf3,0,ld.global.cg,0,cold
NVIDIA B200,10.0,132644864,layout,swizzle,swizzle128_s2g_b4096_plain,tensor,s2g,u8,8,3,4096,4096,0,aligned128,contiguous,none,none,zero,none,direct,low,1,176,3232.000,0,ok,tmau_hot_reuse,l2_hot,0x0000000000000000,0x00002b461703a000,0x0000000000000000,0xc0fe490468c17bf3,1,ld.global.cg,0,hot
NVIDIA B200,10.0,132644864,layout,swizzle,swizzle128_s2g_b4096_swz,tensor,s2g,u8,8,3,4096,4096,0,aligned128,contiguous,none,128,zero,none,direct,low,0,435,3264.000,0,ok,tmau_cold_first_use_l2_hot,l2_hot,0x0000000000000000,0x00002b461703b000,0x0000000000000000,0x56622b0c1a7fd9bf,0,ld.global.cg,0,cold
NVIDIA B200,10.0,132644864,layout,swizzle,swizzle128_s2g_b4096_swz,tensor,s2g,u8,8,3,4096,4096,0,aligned128,contiguous,none,128,zero,none,direct,low,1,176,3264.000,0,ok,tmau_hot_reuse,l2_hot,0x0000000000000000,0x00002b461703b000,0x0000000000000000,0x56622b0c1a7fd9bf,1,ld.global.cg,0,hot
NVIDIA B200,10.0,132644864,layout,swizzle,swizzle128_roundtrip_b4096_plain,tensor,roundtrip,u8,8,3,4096,4096,0,aligned128,contiguous,none,none,zero,none,direct,low,0,1187,3024.000,0,ok,tmau_cold_first_use_l2_hot,l2_hot,0x00002b461703c000,0x00002b461703d000,0x59fb0abdfa3535d3,0x256b1522e8696e43,0,ld.global.cg,0,cold
NVIDIA B200,10.0,132644864,layout,swizzle,swizzle128_roundtrip_b4096_plain,tensor,roundtrip,u8,8,3,4096,4096,0,aligned128,contiguous,none,none,zero,none,direct,low,1,657,3024.000,0,ok,tmau_hot_reuse,l2_hot,0x00002b461703c000,0x00002b461703d000,0x59fb0abdfa3535d3,0x256b1522e8696e43,1,ld.global.cg,0,hot
NVIDIA B200,10.0,132644864,layout,swizzle,swizzle128_roundtrip_b4096_swz,tensor,roundtrip,u8,8,3,4096,4096,0,aligned128,contiguous,none,128,zero,none,direct,low,0,1150,3056.000,0,ok,tmau_cold_first_use_l2_hot,l2_hot,0x00002b461703e000,0x00002b461703f000,0xa9081f8be06c746f,0x0f80dff2011fcbff,0,ld.global.cg,0,cold
NVIDIA B200,10.0,132644864,layout,swizzle,swizzle128_roundtrip_b4096_swz,tensor,roundtrip,u8,8,3,4096,4096,0,aligned128,contiguous,none,128,zero,none,direct,low,1,628,3056.000,0,ok,tmau_hot_reuse,l2_hot,0x00002b461703e000,0x00002b461703f000,0xa9081f8be06c746f,0x0f80dff2011fcbff,1,ld.global.cg,0,hot
NVIDIA B200,10.0,132644864,layout,swizzle,swizzle128_g2s_b16384_plain,tensor,g2s,u8,8,3,16384,16384,0,aligned128,contiguous,none,none,zero,none,direct,low,0,840,6288.000,0,ok,tmau_cold_first_use_l2_hot,l2_hot,0x00002b4617040000,0x0000000000000000,0xc09c69746bf4abf3,0x0000000000000000,0,ld.global.cg,0,cold
NVIDIA B200,10.0,132644864,layout,swizzle,swizzle128_g2s_b16384_plain,tensor,g2s,u8,8,3,16384,16384,0,aligned128,contiguous,none,none,zero,none,direct,low,1,581,6288.000,0,ok,tmau_hot_reuse,l2_hot,0x00002b4617040000,0x0000000000000000,0xc09c69746bf4abf3,0x0000000000000000,1,ld.global.cg,0,hot
NVIDIA B200,10.0,132644864,layout,swizzle,swizzle128_g2s_b16384_swz,tensor,g2s,u8,8,3,16384,16384,0,aligned128,contiguous,none,128,zero,none,direct,low,0,840,6688.000,0,ok,tmau_cold_first_use_l2_hot,l2_hot,0x00002b4617041000,0x0000000000000000,0x9b076f1fd132522f,0x0000000000000000,0,ld.global.cg,0,cold
NVIDIA B200,10.0,132644864,layout,swizzle,swizzle128_g2s_b16384_swz,tensor,g2s,u8,8,3,16384,16384,0,aligned128,contiguous,none,128,zero,none,direct,low,1,581,6688.000,0,ok,tmau_hot_reuse,l2_hot,0x00002b4617041000,0x0000000000000000,0x9b076f1fd132522f,0x0000000000000000,1,ld.global.cg,0,hot
NVIDIA B200,10.0,132644864,layout,swizzle,swizzle128_s2g_b16384_plain,tensor,s2g,u8,8,3,16384,16384,0,aligned128,contiguous,none,none,zero,none,direct,low,0,829,5072.000,0,ok,tmau_cold_first_use_l2_hot,l2_hot,0x0000000000000000,0x00002b4617042000,0x0000000000000000,0x6694fd80fa68af73,0,ld.global.cg,0,cold
NVIDIA B200,10.0,132644864,layout,swizzle,swizzle128_s2g_b16384_plain,tensor,s2g,u8,8,3,16384,16384,0,aligned128,contiguous,none,none,zero,none,direct,low,1,560,5072.000,0,ok,tmau_hot_reuse,l2_hot,0x0000000000000000,0x00002b4617042000,0x0000000000000000,0x6694fd80fa68af73,1,ld.global.cg,0,hot
NVIDIA B200,10.0,132644864,layout,swizzle,swizzle128_s2g_b16384_swz,tensor,s2g,u8,8,3,16384,16384,0,aligned128,contiguous,none,128,zero,none,direct,low,0,801,5072.000,0,ok,tmau_cold_first_use_l2_hot,l2_hot,0x0000000000000000,0x00002b4617043000,0x0000000000000000,0xbc89ec0f2ed41ab6,0,ld.global.cg,0,cold
NVIDIA B200,10.0,132644864,layout,swizzle,swizzle128_s2g_b16384_swz,tensor,s2g,u8,8,3,16384,16384,0,aligned128,contiguous,none,128,zero,none,direct,low,1,560,5072.000,0,ok,tmau_hot_reuse,l2_hot,0x0000000000000000,0x00002b4617043000,0x0000000000000000,0xbc89ec0f2ed41ab6,1,ld.global.cg,0,hot
NVIDIA B200,10.0,132644864,layout,swizzle,swizzle128_roundtrip_b16384_plain,tensor,roundtrip,u8,8,3,16384,16384,0,aligned128,contiguous,none,none,zero,none,direct,low,0,1661,3296.000,0,ok,tmau_cold_first_use_l2_hot,l2_hot,0x00002b4617044000,0x00002b4617045000,0x2ec0d04c5ada8b52,0x299126dd14481b12,0,ld.global.cg,0,cold
NVIDIA B200,10.0,132644864,layout,swizzle,swizzle128_roundtrip_b16384_plain,tensor,roundtrip,u8,8,3,16384,16384,0,aligned128,contiguous,none,none,zero,none,direct,low,1,1142,3296.000,0,ok,tmau_hot_reuse,l2_hot,0x00002b4617044000,0x00002b4617045000,0x2ec0d04c5ada8b52,0x299126dd14481b12,1,ld.global.cg,0,hot
NVIDIA B200,10.0,132644864,layout,swizzle,swizzle128_roundtrip_b16384_swz,tensor,roundtrip,u8,8,3,16384,16384,0,aligned128,contiguous,none,128,zero,none,direct,low,0,1656,3392.000,0,ok,tmau_cold_first_use_l2_hot,l2_hot,0x00002b4617046000,0x00002b4617047000,0x45d8b185f00d8976,0x48f9c69ee7371d99,0,ld.global.cg,0,cold
NVIDIA B200,10.0,132644864,layout,swizzle,swizzle128_roundtrip_b16384_swz,tensor,roundtrip,u8,8,3,16384,16384,0,aligned128,contiguous,none,128,zero,none,direct,low,1,1137,3392.000,0,ok,tmau_hot_reuse,l2_hot,0x00002b4617046000,0x00002b4617047000,0x45d8b185f00d8976,0x48f9c69ee7371d99,1,ld.global.cg,0,hot
