project,family,base_case_id,path,dtype,dtype_bits,rank,logical_bytes,global_span,global_offset,interleave,swizzle,oob_fill,descriptor_mode,repeat0_lower,repeat0_upper,repeat0_cycles,repeat0_uncertainty,repeat0_crossed_samples,repeat0_allowed_crossed_samples,repeat0_equally_good_cuts,repeat0_max_probe_begin_gap,repeat1_lower,repeat1_upper,repeat1_cycles,repeat1_uncertainty,repeat1_crossed_samples,repeat1_allowed_crossed_samples,repeat1_equally_good_cuts,repeat1_max_probe_begin_gap,completion_cycles,measurement_uncertainty_cycles,repeat_difference_cycles,high_variance
common,base_alignment,bulk_base_g2s_mod128_0,bulk,u8,8,2,4096,4096,0,none,none,zero,not_applicable,300,312,306,6,1,120,2,53,300,312,306,6,1,120,2,24,306,6,0,0
common,base_alignment,bulk_base_g2s_mod128_112,bulk,u8,8,2,4096,4096,112,none,none,zero,not_applicable,371,380,376,5,2,120,3,53,362,375,369,7,2,120,1,24,373,7,-7,0
common,base_alignment,bulk_base_g2s_mod128_16,bulk,u8,8,2,4096,4096,16,none,none,zero,not_applicable,779,788,784,5,35,120,1,53,362,375,369,7,0,120,1,24,577,7,-415,1
common,base_alignment,bulk_base_g2s_mod128_32,bulk,u8,8,2,4096,4096,32,none,none,zero,not_applicable,329,341,335,6,0,120,1,53,329,341,335,6,1,120,1,24,335,6,0,0
common,base_alignment,bulk_base_g2s_mod128_64,bulk,u8,8,2,4096,4096,64,none,none,zero,not_applicable,319,331,325,6,2,120,1,53,321,331,326,5,2,120,1,24,326,6,1,0
common,base_alignment,tensor_base_g2s_mod128_0,tensor,u8,8,2,4096,4096,0,none,none,zero,tmau_first_use_l2_hot,756,769,763,7,3,120,1,56,434,444,439,5,0,120,1,36,601,7,-324,0
common,base_alignment,tensor_base_g2s_mod128_0,tensor,u8,8,2,4096,4096,0,none,none,zero,tmau_prefetched_l2_hot,505,514,510,5,1,120,2,53,440,452,446,6,1,120,2,58,478,6,-64,0
common,base_alignment,tensor_base_g2s_mod128_112,tensor,u8,8,2,4096,4096,112,none,none,zero,tmau_first_use_l2_hot,823,836,830,7,2,120,1,58,496,511,504,8,1,120,1,203,667,8,-326,0
common,base_alignment,tensor_base_g2s_mod128_112,tensor,u8,8,2,4096,4096,112,none,none,zero,tmau_prefetched_l2_hot,564,577,571,7,2,120,3,53,485,495,490,5,0,120,1,132,531,7,-81,0
common,base_alignment,tensor_base_g2s_mod128_16,tensor,u8,8,2,4096,4096,16,none,none,zero,tmau_first_use_l2_hot,1227,1236,1232,5,35,120,2,56,491,504,498,7,2,120,1,36,865,7,-734,1
common,base_alignment,tensor_base_g2s_mod128_16,tensor,u8,8,2,4096,4096,16,none,none,zero,tmau_prefetched_l2_hot,1005,1017,1011,6,28,120,2,53,498,511,505,7,1,120,2,58,758,7,-506,1
common,base_alignment,tensor_base_g2s_mod128_32,tensor,u8,8,2,4096,4096,32,none,none,zero,tmau_first_use_l2_hot,761,771,766,5,4,120,1,54,458,468,463,5,3,120,2,36,615,5,-303,0
common,base_alignment,tensor_base_g2s_mod128_32,tensor,u8,8,2,4096,4096,32,none,none,zero,tmau_prefetched_l2_hot,534,547,541,7,0,120,1,53,459,469,464,5,1,120,1,58,503,7,-77,0
common,base_alignment,tensor_base_g2s_mod128_64,tensor,u8,8,2,4096,4096,64,none,none,zero,tmau_first_use_l2_hot,775,788,782,7,7,120,3,57,443,456,450,7,3,120,1,36,616,7,-332,1
common,base_alignment,tensor_base_g2s_mod128_64,tensor,u8,8,2,4096,4096,64,none,none,zero,tmau_prefetched_l2_hot,540,553,547,7,1,120,2,53,461,471,466,5,0,120,1,58,507,7,-81,0
common,bulk_capacity,bulk_capacity_g2s_b1024,bulk,u8,8,2,1024,1024,0,none,none,zero,not_applicable,276,288,282,6,0,120,1,53,276,288,282,6,0,120,1,22,282,6,0,0
common,bulk_capacity,bulk_capacity_g2s_b128,bulk,u8,8,2,128,128,0,none,none,zero,not_applicable,271,281,276,5,2,120,2,59,271,281,276,5,2,120,2,22,276,5,0,0
common,bulk_capacity,bulk_capacity_g2s_b16,bulk,u8,8,2,16,16,0,none,none,zero,not_applicable,256,265,261,5,1,120,1,67,271,281,276,5,2,120,2,22,269,5,15,0
common,bulk_capacity,bulk_capacity_g2s_b16384,bulk,u8,8,2,16384,16384,0,none,none,zero,not_applicable,415,427,421,6,0,120,1,53,417,427,422,5,0,120,1,230,422,6,1,0
common,bulk_capacity,bulk_capacity_g2s_b2048,bulk,u8,8,2,2048,2048,0,none,none,zero,not_applicable,285,298,292,7,0,120,1,53,285,298,292,7,0,120,1,22,292,7,0,0
common,bulk_capacity,bulk_capacity_g2s_b256,bulk,u8,8,2,256,256,0,none,none,zero,not_applicable,257,269,263,6,4,120,1,60,257,269,263,6,4,120,1,22,263,6,0,0
common,bulk_capacity,bulk_capacity_g2s_b32,bulk,u8,8,2,32,32,0,none,none,zero,not_applicable,256,265,261,5,1,120,1,60,271,281,276,5,2,120,2,22,269,5,15,0
common,bulk_capacity,bulk_capacity_g2s_b32768,bulk,u8,8,2,32768,32768,0,none,none,zero,not_applicable,563,572,568,5,1,120,1,53,563,572,568,5,1,120,2,230,568,5,0,0
common,bulk_capacity,bulk_capacity_g2s_b4096,bulk,u8,8,2,4096,4096,0,none,none,zero,not_applicable,305,317,311,6,0,120,1,53,304,313,309,5,0,120,1,230,310,6,-2,0
common,bulk_capacity,bulk_capacity_g2s_b512,bulk,u8,8,2,512,512,0,none,none,zero,not_applicable,280,289,285,5,1,120,1,57,276,288,282,6,1,120,1,22,284,6,-3,0
common,bulk_capacity,bulk_capacity_g2s_b64,bulk,u8,8,2,64,64,0,none,none,zero,not_applicable,271,281,276,5,3,120,2,68,271,281,276,5,3,120,2,22,276,5,0,0
common,bulk_capacity,bulk_capacity_g2s_b8192,bulk,u8,8,2,8192,8192,0,none,none,zero,not_applicable,338,351,345,7,0,120,1,53,338,351,345,7,0,120,1,230,345,7,0,0
common,dtype,dtype_g2s_bf16_b128,tensor,bf16,16,2,128,128,0,none,none,zero,tmau_first_use_l2_hot,740,750,745,5,6,120,2,57,400,413,407,7,4,120,1,38,576,7,-338,1
common,dtype,dtype_g2s_bf16_b128,tensor,bf16,16,2,128,128,0,none,none,zero,tmau_prefetched_l2_hot,469,485,477,8,1,120,1,53,392,404,398,6,4,120,1,58,438,8,-79,0
common,dtype,dtype_g2s_bf16_b4096,tensor,bf16,16,2,4096,4096,0,none,none,zero,tmau_first_use_l2_hot,751,764,758,7,2,120,2,57,434,444,439,5,1,120,1,38,599,7,-319,0
common,dtype,dtype_g2s_bf16_b4096,tensor,bf16,16,2,4096,4096,0,none,none,zero,tmau_prefetched_l2_hot,498,509,504,6,1,120,1,53,435,445,440,5,2,120,2,58,472,6,-64,0
common,dtype,dtype_g2s_f16_b128,tensor,f16,16,2,128,128,0,none,none,zero,tmau_first_use_l2_hot,708,718,713,5,5,120,1,57,400,413,407,7,2,120,2,38,560,7,-306,1
common,dtype,dtype_g2s_f16_b128,tensor,f16,16,2,128,128,0,none,none,zero,tmau_prefetched_l2_hot,458,471,465,7,0,120,1,53,396,405,401,5,1,120,1,58,433,7,-64,0
common,dtype,dtype_g2s_f16_b4096,tensor,f16,16,2,4096,4096,0,none,none,zero,tmau_first_use_l2_hot,748,759,754,6,3,120,2,57,440,451,446,6,1,120,2,38,600,6,-308,0
common,dtype,dtype_g2s_f16_b4096,tensor,f16,16,2,4096,4096,0,none,none,zero,tmau_prefetched_l2_hot,506,524,515,9,1,120,2,53,440,452,446,6,2,120,2,58,481,9,-69,0
common,dtype,dtype_g2s_f32_b128,tensor,f32,32,2,128,128,0,none,none,zero,tmau_first_use_l2_hot,724,735,730,6,4,120,1,55,400,413,407,7,3,120,1,38,569,7,-323,0
common,dtype,dtype_g2s_f32_b128,tensor,f32,32,2,128,128,0,none,none,zero,tmau_prefetched_l2_hot,458,471,465,7,1,120,2,53,378,392,385,7,4,120,1,58,425,7,-80,0
common,dtype,dtype_g2s_f32_b4096,tensor,f32,32,2,4096,4096,0,none,none,zero,tmau_first_use_l2_hot,748,759,754,6,3,120,1,56,443,456,450,7,2,120,2,38,602,7,-304,0
common,dtype,dtype_g2s_f32_b4096,tensor,f32,32,2,4096,4096,0,none,none,zero,tmau_prefetched_l2_hot,501,513,507,6,0,120,1,53,439,448,444,5,0,120,1,58,476,6,-63,0
common,dtype,dtype_g2s_f32_ftz_b128,tensor,f32_ftz,32,2,128,128,0,none,none,zero,tmau_first_use_l2_hot,724,735,730,6,7,120,2,57,396,408,402,6,3,120,3,38,566,6,-328,1
common,dtype,dtype_g2s_f32_ftz_b128,tensor,f32_ftz,32,2,128,128,0,none,none,zero,tmau_prefetched_l2_hot,469,485,477,8,1,120,1,53,408,419,414,6,4,120,2,58,446,8,-63,0
common,dtype,dtype_g2s_f32_ftz_b4096,tensor,f32_ftz,32,2,4096,4096,0,none,none,zero,tmau_first_use_l2_hot,761,770,766,5,2,120,1,56,436,447,442,6,0,120,1,38,604,6,-324,0
common,dtype,dtype_g2s_f32_ftz_b4096,tensor,f32_ftz,32,2,4096,4096,0,none,none,zero,tmau_prefetched_l2_hot,505,514,510,5,0,120,1,53,437,447,442,5,1,120,2,58,476,5,-68,0
common,dtype,dtype_g2s_f64_b128,tensor,f64,64,2,128,128,0,none,none,zero,tmau_first_use_l2_hot,713,724,719,6,2,120,1,55,386,395,391,5,4,120,3,38,555,6,-328,0
common,dtype,dtype_g2s_f64_b128,tensor,f64,64,2,128,128,0,none,none,zero,tmau_prefetched_l2_hot,448,466,457,9,2,120,1,53,392,404,398,6,3,120,2,58,428,9,-59,0
common,dtype,dtype_g2s_f64_b4096,tensor,f64,64,2,4096,4096,0,none,none,zero,tmau_first_use_l2_hot,742,755,749,7,1,120,1,57,434,444,439,5,2,120,1,38,594,7,-310,0
common,dtype,dtype_g2s_f64_b4096,tensor,f64,64,2,4096,4096,0,none,none,zero,tmau_prefetched_l2_hot,501,513,507,6,0,120,1,53,437,447,442,5,0,120,1,58,475,6,-65,0
common,dtype,dtype_g2s_s32_b128,tensor,s32,32,2,128,128,0,none,none,zero,tmau_first_use_l2_hot,708,718,713,5,5,120,1,56,391,403,397,6,3,120,1,38,555,6,-316,1
common,dtype,dtype_g2s_s32_b128,tensor,s32,32,2,128,128,0,none,none,zero,tmau_prefetched_l2_hot,469,485,477,8,1,120,2,53,396,405,401,5,2,120,1,58,439,8,-76,0
common,dtype,dtype_g2s_s32_b4096,tensor,s32,32,2,4096,4096,0,none,none,zero,tmau_first_use_l2_hot,742,755,749,7,4,120,1,57,439,448,444,5,0,120,1,38,597,7,-305,0
common,dtype,dtype_g2s_s32_b4096,tensor,s32,32,2,4096,4096,0,none,none,zero,tmau_prefetched_l2_hot,505,514,510,5,0,120,1,53,440,452,446,6,2,120,2,58,478,6,-64,0
common,dtype,dtype_g2s_s64_b128,tensor,s64,64,2,128,128,0,none,none,zero,tmau_first_use_l2_hot,724,735,730,6,6,120,1,57,372,384,378,6,2,120,1,38,554,6,-352,1
common,dtype,dtype_g2s_s64_b128,tensor,s64,64,2,128,128,0,none,none,zero,tmau_prefetched_l2_hot,469,485,477,8,1,120,1,53,402,416,409,7,4,120,1,58,443,8,-68,0
common,dtype,dtype_g2s_s64_b4096,tensor,s64,64,2,4096,4096,0,none,none,zero,tmau_first_use_l2_hot,761,770,766,5,1,120,2,57,436,447,442,6,1,120,2,38,604,6,-324,0
common,dtype,dtype_g2s_s64_b4096,tensor,s64,64,2,4096,4096,0,none,none,zero,tmau_prefetched_l2_hot,516,529,523,7,1,120,1,53,426,440,433,7,2,120,1,58,478,7,-90,0
common,dtype,dtype_g2s_tf32_b128,tensor,tf32,32,2,128,128,0,none,none,zero,tmau_first_use_l2_hot,718,731,725,7,5,120,3,55,410,420,415,5,4,120,1,38,570,7,-310,1
common,dtype,dtype_g2s_tf32_b128,tensor,tf32,32,2,128,128,0,none,none,zero,tmau_prefetched_l2_hot,458,471,465,7,1,120,1,53,408,419,414,6,3,120,2,58,440,7,-51,0
common,dtype,dtype_g2s_tf32_b4096,tensor,tf32,32,2,4096,4096,0,none,none,zero,tmau_first_use_l2_hot,762,772,767,5,2,120,1,56,434,444,439,5,2,120,1,38,603,5,-328,0
common,dtype,dtype_g2s_tf32_b4096,tensor,tf32,32,2,4096,4096,0,none,none,zero,tmau_prefetched_l2_hot,506,524,515,9,0,120,1,53,432,443,438,6,1,120,1,58,477,9,-77,0
common,dtype,dtype_g2s_tf32_ftz_b128,tensor,tf32_ftz,32,2,128,128,0,none,none,zero,tmau_first_use_l2_hot,724,735,730,6,7,120,3,57,396,408,402,6,1,120,1,38,566,6,-328,1
common,dtype,dtype_g2s_tf32_ftz_b128,tensor,tf32_ftz,32,2,128,128,0,none,none,zero,tmau_prefetched_l2_hot,477,490,484,7,1,120,2,53,408,419,414,6,5,120,1,58,449,7,-70,1
common,dtype,dtype_g2s_tf32_ftz_b4096,tensor,tf32_ftz,32,2,4096,4096,0,none,none,zero,tmau_first_use_l2_hot,751,764,758,7,3,120,1,54,439,448,444,5,1,120,2,38,601,7,-314,0
common,dtype,dtype_g2s_tf32_ftz_b4096,tensor,tf32_ftz,32,2,4096,4096,0,none,none,zero,tmau_prefetched_l2_hot,501,513,507,6,0,120,1,53,435,445,440,5,1,120,1,58,474,6,-67,0
common,dtype,dtype_g2s_u16_b128,tensor,u16,16,2,128,128,0,none,none,zero,tmau_first_use_l2_hot,692,702,697,5,5,120,1,58,396,408,402,6,2,120,1,203,550,6,-295,1
common,dtype,dtype_g2s_u16_b128,tensor,u16,16,2,128,128,0,none,none,zero,tmau_prefetched_l2_hot,463,477,470,7,1,120,1,53,408,419,414,6,5,120,1,132,442,7,-56,1
common,dtype,dtype_g2s_u16_b4096,tensor,u16,16,2,4096,4096,0,none,none,zero,tmau_first_use_l2_hot,761,770,766,5,3,120,1,54,434,444,439,5,1,120,2,38,603,5,-327,0
common,dtype,dtype_g2s_u16_b4096,tensor,u16,16,2,4096,4096,0,none,none,zero,tmau_prefetched_l2_hot,505,514,510,5,1,120,1,53,426,440,433,7,1,120,1,58,472,7,-77,0
common,dtype,dtype_g2s_u32_b128,tensor,u32,32,2,128,128,0,none,none,zero,tmau_first_use_l2_hot,710,721,716,6,5,120,2,57,391,403,397,6,3,120,1,203,557,6,-319,1
common,dtype,dtype_g2s_u32_b128,tensor,u32,32,2,128,128,0,none,none,zero,tmau_prefetched_l2_hot,482,495,489,7,0,120,1,53,415,424,420,5,3,120,2,132,455,7,-69,0
common,dtype,dtype_g2s_u32_b4096,tensor,u32,32,2,4096,4096,0,none,none,zero,tmau_first_use_l2_hot,764,774,769,5,3,120,2,57,434,444,439,5,2,120,2,38,604,5,-330,0
common,dtype,dtype_g2s_u32_b4096,tensor,u32,32,2,4096,4096,0,none,none,zero,tmau_prefetched_l2_hot,505,514,510,5,0,120,1,53,432,443,438,6,0,120,1,58,474,6,-72,0
common,dtype,dtype_g2s_u64_b128,tensor,u64,64,2,128,128,0,none,none,zero,tmau_first_use_l2_hot,732,745,739,7,2,120,1,56,410,420,415,5,5,120,2,38,577,7,-324,1
common,dtype,dtype_g2s_u64_b128,tensor,u64,64,2,128,128,0,none,none,zero,tmau_prefetched_l2_hot,482,495,489,7,2,120,2,53,392,404,398,6,3,120,2,58,444,7,-91,0
common,dtype,dtype_g2s_u64_b4096,tensor,u64,64,2,4096,4096,0,none,none,zero,tmau_first_use_l2_hot,748,759,754,6,2,120,1,56,440,451,446,6,1,120,2,38,600,6,-308,0
common,dtype,dtype_g2s_u64_b4096,tensor,u64,64,2,4096,4096,0,none,none,zero,tmau_prefetched_l2_hot,506,524,515,9,1,120,2,53,435,445,440,5,3,120,3,58,478,9,-75,0
common,dtype,dtype_g2s_u8_b128,tensor,u8,8,2,128,128,0,none,none,zero,tmau_first_use_l2_hot,713,724,719,6,8,120,1,56,395,404,400,5,2,120,1,203,560,6,-319,1
common,dtype,dtype_g2s_u8_b128,tensor,u8,8,2,128,128,0,none,none,zero,tmau_prefetched_l2_hot,469,485,477,8,0,120,1,53,402,416,409,7,2,120,2,132,443,8,-68,0
common,dtype,dtype_g2s_u8_b4096,tensor,u8,8,2,4096,4096,0,none,none,zero,tmau_first_use_l2_hot,756,769,763,7,5,120,1,56,436,447,442,6,0,120,1,38,603,7,-321,1
common,dtype,dtype_g2s_u8_b4096,tensor,u8,8,2,4096,4096,0,none,none,zero,tmau_prefetched_l2_hot,501,513,507,6,0,120,1,53,437,447,442,5,0,120,1,58,475,6,-65,0
common,interleave,interleave16_g2s_b1024_int,tensor,u16,16,3,1024,1024,0,16,none,zero,tmau_first_use_l2_hot,770,783,777,7,3,120,2,57,421,432,427,6,2,120,2,36,602,7,-350,0
common,interleave,interleave16_g2s_b1024_int,tensor,u16,16,3,1024,1024,0,16,none,zero,tmau_prefetched_l2_hot,467,481,474,7,0,120,1,53,417,427,422,5,1,120,1,33,448,7,-52,0
common,interleave,interleave16_g2s_b1024_plain,tensor,u16,16,3,1024,1024,0,none,none,zero,tmau_first_use_l2_hot,778,788,783,5,3,120,1,54,472,482,477,5,3,120,1,36,630,5,-306,0
common,interleave,interleave16_g2s_b1024_plain,tensor,u16,16,3,1024,1024,0,none,none,zero,tmau_prefetched_l2_hot,547,569,558,11,3,120,2,53,477,486,482,5,3,120,1,33,520,11,-76,0
common,interleave,interleave16_g2s_b16384_int,tensor,u16,16,3,16384,16384,0,16,none,zero,tmau_first_use_l2_hot,895,906,901,6,3,120,1,55,560,573,567,7,1,120,1,36,734,7,-334,0
common,interleave,interleave16_g2s_b16384_int,tensor,u16,16,3,16384,16384,0,16,none,zero,tmau_prefetched_l2_hot,643,655,649,6,0,120,1,53,574,585,580,6,1,120,2,33,615,6,-69,0
common,interleave,interleave16_g2s_b16384_plain,tensor,u16,16,3,16384,16384,0,none,none,zero,tmau_first_use_l2_hot,1764,1777,1771,7,6,120,4,57,1432,1442,1437,5,3,120,2,36,1604,7,-334,1
common,interleave,interleave16_g2s_b16384_plain,tensor,u16,16,3,16384,16384,0,none,none,zero,tmau_prefetched_l2_hot,1517,1529,1523,6,3,120,2,53,1443,1453,1448,5,2,120,1,33,1486,6,-75,0
common,interleave,interleave16_g2s_b4096_int,tensor,u16,16,3,4096,4096,0,16,none,zero,tmau_first_use_l2_hot,762,773,768,6,3,120,1,58,448,461,455,7,1,120,2,36,612,7,-313,0
common,interleave,interleave16_g2s_b4096_int,tensor,u16,16,3,4096,4096,0,16,none,zero,tmau_prefetched_l2_hot,519,528,524,5,2,120,2,53,443,456,450,7,2,120,3,33,487,7,-74,0
common,interleave,interleave16_g2s_b4096_plain,tensor,u16,16,3,4096,4096,0,none,none,zero,tmau_first_use_l2_hot,981,994,988,7,1,120,1,57,648,659,654,6,1,120,1,36,821,7,-334,0
common,interleave,interleave16_g2s_b4096_plain,tensor,u16,16,3,4096,4096,0,none,none,zero,tmau_prefetched_l2_hot,735,744,740,5,2,120,1,53,670,681,676,6,3,120,2,33,708,6,-64,0
common,oob,oob_g2s_left100,tensor,u8,8,2,4096,4096,0,none,none,zero,tmau_first_use_l2_hot,748,759,754,6,2,120,1,56,424,437,431,7,0,120,1,38,593,7,-323,0
common,oob,oob_g2s_left100,tensor,u8,8,2,4096,4096,0,none,none,zero,tmau_prefetched_l2_hot,487,506,497,10,0,120,1,53,421,434,428,7,0,120,1,58,463,10,-69,0
common,oob,oob_g2s_left12p5,tensor,u8,8,2,4096,4096,0,none,none,zero,tmau_first_use_l2_hot,804,817,811,7,4,120,2,57,491,504,498,7,1,120,1,38,655,7,-313,0
common,oob,oob_g2s_left12p5,tensor,u8,8,2,4096,4096,0,none,none,zero,tmau_prefetched_l2_hot,564,577,571,7,0,120,1,53,492,505,499,7,2,120,3,58,535,7,-72,0
common,oob,oob_g2s_left25,tensor,u8,8,2,4096,4096,0,none,none,zero,tmau_first_use_l2_hot,790,803,797,7,4,120,2,58,464,473,469,5,3,120,4,38,633,7,-328,0
common,oob,oob_g2s_left25,tensor,u8,8,2,4096,4096,0,none,none,zero,tmau_prefetched_l2_hot,540,553,547,7,2,120,2,53,461,471,466,5,0,120,1,58,507,7,-81,0
common,oob,oob_g2s_left50,tensor,u8,8,2,4096,4096,0,none,none,zero,tmau_first_use_l2_hot,771,780,776,5,4,120,1,54,460,472,466,6,1,120,2,38,621,6,-310,0
common,oob,oob_g2s_left50,tensor,u8,8,2,4096,4096,0,none,none,zero,tmau_prefetched_l2_hot,534,547,541,7,0,120,1,53,461,471,466,5,1,120,1,58,504,7,-75,0
common,oob,oob_g2s_outer75,tensor,u8,8,2,4096,4096,0,none,none,zero,tmau_first_use_l2_hot,732,745,739,7,4,120,1,56,429,442,436,7,0,120,1,38,588,7,-303,0
common,oob,oob_g2s_outer75,tensor,u8,8,2,4096,4096,0,none,none,zero,tmau_prefetched_l2_hot,506,524,515,9,1,120,1,53,426,440,433,7,0,120,1,58,474,9,-82,0
common,oob,oob_g2s_plain,tensor,u8,8,2,4096,4096,0,none,none,zero,tmau_first_use_l2_hot,742,755,749,7,1,120,1,54,439,448,444,5,1,120,2,38,597,7,-305,0
common,oob,oob_g2s_plain,tensor,u8,8,2,4096,4096,0,none,none,zero,tmau_prefetched_l2_hot,505,514,510,5,0,120,1,53,437,447,442,5,0,120,1,58,476,5,-68,0
common,oob,oob_g2s_right25,tensor,u8,8,2,4096,4096,0,none,none,zero,tmau_first_use_l2_hot,772,783,778,6,2,120,1,58,448,461,455,7,1,120,1,38,617,7,-323,0
common,oob,oob_g2s_right25,tensor,u8,8,2,4096,4096,0,none,none,zero,tmau_prefetched_l2_hot,539,548,544,5,1,120,2,53,461,471,466,5,2,120,1,58,505,5,-78,0
common,oob_nan,oob_nan_bf16_nan,tensor,bf16,16,2,4096,4096,0,none,none,nan,tmau_first_use_l2_hot,785,796,791,6,2,120,1,54,467,480,474,7,1,120,2,38,633,7,-317,0
common,oob_nan,oob_nan_bf16_nan,tensor,bf16,16,2,4096,4096,0,none,none,nan,tmau_prefetched_l2_hot,525,542,534,9,0,120,1,53,461,471,466,5,0,120,1,58,500,9,-68,0
common,oob_nan,oob_nan_bf16_zero,tensor,bf16,16,2,4096,4096,0,none,none,zero,tmau_first_use_l2_hot,780,793,787,7,2,120,1,54,458,468,463,5,1,120,2,38,625,7,-324,0
common,oob_nan,oob_nan_bf16_zero,tensor,bf16,16,2,4096,4096,0,none,none,zero,tmau_prefetched_l2_hot,525,542,534,9,1,120,1,53,461,471,466,5,2,120,3,58,500,9,-68,0
common,oob_nan,oob_nan_f16_nan,tensor,f16,16,2,4096,4096,0,none,none,nan,tmau_first_use_l2_hot,772,783,778,6,2,120,3,56,458,466,462,4,3,120,3,38,620,6,-316,0
common,oob_nan,oob_nan_f16_nan,tensor,f16,16,2,4096,4096,0,none,none,nan,tmau_prefetched_l2_hot,534,547,541,7,1,120,2,53,456,467,462,6,1,120,1,58,502,7,-79,0
common,oob_nan,oob_nan_f16_zero,tensor,f16,16,2,4096,4096,0,none,none,zero,tmau_first_use_l2_hot,772,783,778,6,1,120,1,58,472,485,479,7,2,120,1,38,629,7,-299,0
common,oob_nan,oob_nan_f16_zero,tensor,f16,16,2,4096,4096,0,none,none,zero,tmau_prefetched_l2_hot,539,548,544,5,1,120,2,53,459,469,464,5,2,120,3,58,504,5,-80,0
common,oob_nan,oob_nan_f32_ftz_nan,tensor,f32_ftz,32,2,4096,4096,0,none,none,nan,tmau_first_use_l2_hot,771,780,776,5,2,120,1,57,460,472,466,6,0,120,1,38,621,6,-310,0
common,oob_nan,oob_nan_f32_ftz_nan,tensor,f32_ftz,32,2,4096,4096,0,none,none,nan,tmau_prefetched_l2_hot,525,542,534,9,1,120,1,53,459,469,464,5,1,120,1,58,499,9,-70,0
common,oob_nan,oob_nan_f32_ftz_zero,tensor,f32_ftz,32,2,4096,4096,0,none,none,zero,tmau_first_use_l2_hot,790,803,797,7,3,120,1,54,460,472,466,6,0,120,1,38,632,7,-331,0
common,oob_nan,oob_nan_f32_ftz_zero,tensor,f32_ftz,32,2,4096,4096,0,none,none,zero,tmau_prefetched_l2_hot,525,542,534,9,0,120,1,53,463,476,470,7,1,120,2,58,502,9,-64,0
common,oob_nan,oob_nan_f32_nan,tensor,f32,32,2,4096,4096,0,none,none,nan,tmau_first_use_l2_hot,785,796,791,6,3,120,1,58,453,466,460,7,0,120,1,38,626,7,-331,0
common,oob_nan,oob_nan_f32_nan,tensor,f32,32,2,4096,4096,0,none,none,nan,tmau_prefetched_l2_hot,539,548,544,5,0,120,1,53,468,481,475,7,1,120,1,58,510,7,-69,0
common,oob_nan,oob_nan_f32_zero,tensor,f32,32,2,4096,4096,0,none,none,zero,tmau_first_use_l2_hot,795,804,800,5,2,120,1,57,465,475,470,5,1,120,2,38,635,5,-330,0
common,oob_nan,oob_nan_f32_zero,tensor,f32,32,2,4096,4096,0,none,none,zero,tmau_prefetched_l2_hot,534,547,541,7,0,120,1,53,461,471,466,5,1,120,1,58,504,7,-75,0
common,oob_nan,oob_nan_f64_nan,tensor,f64,64,2,4096,4096,0,none,none,nan,tmau_first_use_l2_hot,790,803,797,7,3,120,1,56,460,472,466,6,0,120,1,38,632,7,-331,0
common,oob_nan,oob_nan_f64_nan,tensor,f64,64,2,4096,4096,0,none,none,nan,tmau_prefetched_l2_hot,534,547,541,7,0,120,1,53,456,467,462,6,2,120,3,58,502,7,-79,0
common,oob_nan,oob_nan_f64_zero,tensor,f64,64,2,4096,4096,0,none,none,zero,tmau_first_use_l2_hot,788,798,793,5,5,120,4,55,458,468,463,5,2,120,3,38,628,5,-330,1
common,oob_nan,oob_nan_f64_zero,tensor,f64,64,2,4096,4096,0,none,none,zero,tmau_prefetched_l2_hot,534,547,541,7,0,120,1,53,456,467,462,6,2,120,2,58,502,7,-79,0
common,oob_nan,oob_nan_tf32_ftz_nan,tensor,tf32_ftz,32,2,4096,4096,0,none,none,nan,tmau_first_use_l2_hot,790,803,797,7,2,120,1,58,464,473,469,5,0,120,1,38,633,7,-328,0
common,oob_nan,oob_nan_tf32_ftz_nan,tensor,tf32_ftz,32,2,4096,4096,0,none,none,nan,tmau_prefetched_l2_hot,525,542,534,9,0,120,1,53,468,481,475,7,0,120,1,58,505,9,-59,0
common,oob_nan,oob_nan_tf32_ftz_zero,tensor,tf32_ftz,32,2,4096,4096,0,none,none,zero,tmau_first_use_l2_hot,788,798,793,5,2,120,1,58,460,472,466,6,0,120,1,38,630,6,-327,0
common,oob_nan,oob_nan_tf32_ftz_zero,tensor,tf32_ftz,32,2,4096,4096,0,none,none,zero,tmau_prefetched_l2_hot,534,547,541,7,0,120,1,53,459,469,464,5,0,120,1,58,503,7,-77,0
common,oob_nan,oob_nan_tf32_nan,tensor,tf32,32,2,4096,4096,0,none,none,nan,tmau_first_use_l2_hot,772,783,778,6,2,120,1,57,458,466,462,4,0,120,1,38,620,6,-316,0
common,oob_nan,oob_nan_tf32_nan,tensor,tf32,32,2,4096,4096,0,none,none,nan,tmau_prefetched_l2_hot,539,548,544,5,1,120,2,53,459,469,464,5,1,120,1,58,504,5,-80,0
common,oob_nan,oob_nan_tf32_zero,tensor,tf32,32,2,4096,4096,0,none,none,zero,tmau_first_use_l2_hot,775,788,782,7,1,120,2,55,465,475,470,5,2,120,2,38,626,7,-312,0
common,oob_nan,oob_nan_tf32_zero,tensor,tf32,32,2,4096,4096,0,none,none,zero,tmau_prefetched_l2_hot,534,547,541,7,0,120,1,53,461,471,466,5,0,120,1,58,504,7,-75,0
common,rank,rank_g2s_r1_b128,tensor,u8,8,1,128,128,0,none,none,zero,tmau_first_use_l2_hot,716,729,723,7,2,120,2,106,400,413,407,7,3,120,2,38,565,7,-316,0
common,rank,rank_g2s_r1_b128,tensor,u8,8,1,128,128,0,none,none,zero,tmau_prefetched_l2_hot,438,455,447,9,1,120,1,53,367,380,374,7,3,120,1,47,411,9,-73,0
common,rank,rank_g2s_r1_b256,tensor,u8,8,1,256,256,0,none,none,zero,tmau_first_use_l2_hot,721,730,726,5,3,120,2,122,367,380,374,7,3,120,1,38,550,7,-352,0
common,rank,rank_g2s_r1_b256,tensor,u8,8,1,256,256,0,none,none,zero,tmau_prefetched_l2_hot,476,489,483,7,0,120,1,53,391,403,397,6,4,120,1,47,440,7,-86,0
common,rank,rank_g2s_r2_b128,tensor,u8,8,2,128,128,0,none,none,zero,tmau_first_use_l2_hot,699,708,704,5,3,120,1,59,372,384,378,6,6,120,2,38,541,6,-326,1
common,rank,rank_g2s_r2_b128,tensor,u8,8,2,128,128,0,none,none,zero,tmau_prefetched_l2_hot,429,447,438,9,0,120,1,53,373,386,380,7,4,120,2,58,409,9,-58,0
common,rank,rank_g2s_r2_b256,tensor,u8,8,2,256,256,0,none,none,zero,tmau_first_use_l2_hot,703,716,710,7,5,120,2,58,367,380,374,7,2,120,2,38,542,7,-336,1
common,rank,rank_g2s_r2_b256,tensor,u8,8,2,256,256,0,none,none,zero,tmau_prefetched_l2_hot,410,437,424,14,1,120,1,53,384,394,389,5,7,120,3,58,407,14,-35,1
common,rank,rank_g2s_r2_b32768,tensor,u8,8,2,32768,32768,0,none,none,zero,tmau_first_use_l2_hot,1012,1023,1018,6,1,120,1,54,695,706,701,6,1,120,1,38,860,6,-317,0
common,rank,rank_g2s_r2_b32768,tensor,u8,8,2,32768,32768,0,none,none,zero,tmau_prefetched_l2_hot,762,773,768,6,1,120,1,53,699,709,704,5,0,120,1,58,736,6,-64,0
common,rank,rank_g2s_r2_b4096,tensor,u8,8,2,4096,4096,0,none,none,zero,tmau_first_use_l2_hot,775,788,782,7,4,120,1,56,429,442,436,7,1,120,1,38,609,7,-346,0
common,rank,rank_g2s_r2_b4096,tensor,u8,8,2,4096,4096,0,none,none,zero,tmau_prefetched_l2_hot,506,524,515,9,0,120,1,53,437,447,442,5,0,120,1,58,479,9,-73,0
common,rank,rank_g2s_r3_b128,tensor,u8,8,3,128,128,0,none,none,zero,tmau_first_use_l2_hot,741,754,748,7,3,120,1,56,391,400,396,5,5,120,3,36,572,7,-352,1
common,rank,rank_g2s_r3_b128,tensor,u8,8,3,128,128,0,none,none,zero,tmau_prefetched_l2_hot,467,481,474,7,1,120,1,53,415,425,420,5,5,120,1,33,447,7,-54,1
common,rank,rank_g2s_r3_b256,tensor,u8,8,3,256,256,0,none,none,zero,tmau_first_use_l2_hot,737,746,742,5,1,120,1,56,392,404,398,6,4,120,1,36,570,6,-344,0
common,rank,rank_g2s_r3_b256,tensor,u8,8,3,256,256,0,none,none,zero,tmau_prefetched_l2_hot,491,510,501,10,0,120,1,53,391,404,398,7,0,120,1,33,450,10,-103,0
common,rank,rank_g2s_r3_b32768,tensor,u8,8,3,32768,32768,0,none,none,zero,tmau_first_use_l2_hot,1042,1050,1046,4,3,120,2,54,712,722,717,5,1,120,1,36,882,5,-329,0
common,rank,rank_g2s_r3_b32768,tensor,u8,8,3,32768,32768,0,none,none,zero,tmau_prefetched_l2_hot,796,809,803,7,0,120,1,53,735,744,740,5,1,120,2,33,772,7,-63,0
common,rank,rank_g2s_r3_b4096,tensor,u8,8,3,4096,4096,0,none,none,zero,tmau_first_use_l2_hot,794,807,801,7,2,120,1,57,458,473,466,8,2,120,1,36,634,8,-335,0
common,rank,rank_g2s_r3_b4096,tensor,u8,8,3,4096,4096,0,none,none,zero,tmau_prefetched_l2_hot,561,570,566,5,2,120,1,53,477,486,482,5,4,120,3,33,524,5,-84,0
common,rank,rank_g2s_r4_b128,tensor,u8,8,4,128,128,0,none,none,zero,tmau_first_use_l2_hot,737,748,743,6,3,120,1,58,400,413,407,7,2,120,1,36,575,7,-336,0
common,rank,rank_g2s_r4_b128,tensor,u8,8,4,128,128,0,none,none,zero,tmau_prefetched_l2_hot,476,489,483,7,2,120,2,53,386,398,392,6,4,120,2,34,438,7,-91,0
common,rank,rank_g2s_r4_b256,tensor,u8,8,4,256,256,0,none,none,zero,tmau_first_use_l2_hot,736,745,741,5,4,120,1,56,410,419,415,5,4,120,2,36,578,5,-326,0
common,rank,rank_g2s_r4_b256,tensor,u8,8,4,256,256,0,none,none,zero,tmau_prefetched_l2_hot,481,500,491,10,3,120,2,53,410,422,416,6,1,120,1,34,454,10,-75,0
common,rank,rank_g2s_r4_b32768,tensor,u8,8,4,32768,32768,0,none,none,zero,tmau_first_use_l2_hot,1225,1238,1232,7,4,120,1,54,934,943,939,5,2,120,1,36,1086,7,-293,0
common,rank,rank_g2s_r4_b32768,tensor,u8,8,4,32768,32768,0,none,none,zero,tmau_prefetched_l2_hot,1004,1017,1011,7,0,120,1,53,938,951,945,7,1,120,2,34,978,7,-66,0
common,rank,rank_g2s_r4_b4096,tensor,u8,8,4,4096,4096,0,none,none,zero,tmau_first_use_l2_hot,856,865,861,5,3,120,2,54,543,553,548,5,2,120,1,36,705,5,-313,0
common,rank,rank_g2s_r4_b4096,tensor,u8,8,4,4096,4096,0,none,none,zero,tmau_prefetched_l2_hot,626,639,633,7,2,120,2,53,530,543,537,7,3,120,1,34,585,7,-96,0
common,rank,rank_g2s_r5_b128,tensor,u8,8,5,128,128,0,none,none,zero,tmau_first_use_l2_hot,723,734,729,6,6,120,2,56,414,426,420,6,2,120,1,54,575,6,-309,1
common,rank,rank_g2s_r5_b128,tensor,u8,8,5,128,128,0,none,none,zero,tmau_prefetched_l2_hot,485,499,492,7,1,120,1,53,430,441,436,6,4,120,1,52,464,7,-56,0
common,rank,rank_g2s_r5_b256,tensor,u8,8,5,256,256,0,none,none,zero,tmau_first_use_l2_hot,781,790,786,5,4,120,2,55,428,441,435,7,1,120,1,54,611,7,-351,0
common,rank,rank_g2s_r5_b256,tensor,u8,8,5,256,256,0,none,none,zero,tmau_prefetched_l2_hot,520,531,526,6,2,120,1,53,438,450,444,6,2,120,2,52,485,6,-82,0
common,rank,rank_g2s_r5_b32768,tensor,u8,8,5,32768,32768,0,none,none,zero,tmau_first_use_l2_hot,1745,1758,1752,7,6,120,2,57,1454,1464,1459,5,3,120,1,54,1606,7,-293,1
common,rank,rank_g2s_r5_b32768,tensor,u8,8,5,32768,32768,0,none,none,zero,tmau_prefetched_l2_hot,1512,1521,1517,5,1,120,1,53,1446,1455,1451,5,2,120,1,52,1484,5,-66,0
common,rank,rank_g2s_r5_b4096,tensor,u8,8,5,4096,4096,0,none,none,zero,tmau_first_use_l2_hot,1001,1014,1008,7,3,120,1,57,684,694,689,5,3,120,2,54,849,7,-319,0
common,rank,rank_g2s_r5_b4096,tensor,u8,8,5,4096,4096,0,none,none,zero,tmau_prefetched_l2_hot,763,776,770,7,2,120,1,53,686,699,693,7,4,120,1,52,732,7,-77,0
common,stride,stride_g2s_s128,tensor,u8,8,2,4096,4096,0,none,none,zero,tmau_first_use_l2_hot,756,769,763,7,4,120,3,57,436,447,442,6,2,120,3,38,603,7,-321,0
common,stride,stride_g2s_s128,tensor,u8,8,2,4096,4096,0,none,none,zero,tmau_prefetched_l2_hot,501,513,507,6,0,120,1,53,437,447,442,5,0,120,1,58,475,6,-65,0
common,stride,stride_g2s_s144,tensor,u8,8,2,4096,4608,0,none,none,zero,tmau_first_use_l2_hot,796,807,802,6,4,120,1,57,472,485,479,7,2,120,1,38,641,7,-323,0
common,stride,stride_g2s_s144,tensor,u8,8,2,4096,4608,0,none,none,zero,tmau_prefetched_l2_hot,546,557,552,6,0,120,1,53,479,488,484,5,3,120,1,58,518,6,-68,0
common,stride,stride_g2s_s256,tensor,u8,8,2,4096,8192,0,none,none,zero,tmau_first_use_l2_hot,742,755,749,7,1,120,1,56,434,444,439,5,0,120,1,38,594,7,-310,0
common,stride,stride_g2s_s256,tensor,u8,8,2,4096,8192,0,none,none,zero,tmau_prefetched_l2_hot,506,524,515,9,1,120,1,53,437,447,442,5,0,120,1,58,479,9,-73,0
common,stride,stride_g2s_s512,tensor,u8,8,2,4096,16384,0,none,none,zero,tmau_first_use_l2_hot,761,770,766,5,2,120,1,57,429,442,436,7,0,120,1,38,601,7,-330,0
common,stride,stride_g2s_s512,tensor,u8,8,2,4096,16384,0,none,none,zero,tmau_prefetched_l2_hot,506,524,515,9,1,120,2,53,439,448,444,5,1,120,1,58,480,9,-71,0
common,subbox,subbox_g2s_large2d_offset,tensor,u8,8,2,4096,16384,0,none,none,zero,tmau_first_use_l2_hot,775,788,782,7,3,120,1,54,458,468,463,5,1,120,1,38,623,7,-319,0
common,subbox,subbox_g2s_large2d_offset,tensor,u8,8,2,4096,16384,0,none,none,zero,tmau_prefetched_l2_hot,534,547,541,7,1,120,2,53,468,481,475,7,2,120,2,58,508,7,-66,0
common,subbox,subbox_g2s_large2d_plain,tensor,u8,8,2,4096,4096,0,none,none,zero,tmau_first_use_l2_hot,761,770,766,5,3,120,2,55,436,447,442,6,1,120,2,38,604,6,-324,0
common,subbox,subbox_g2s_large2d_plain,tensor,u8,8,2,4096,4096,0,none,none,zero,tmau_prefetched_l2_hot,505,514,510,5,0,120,1,53,437,447,442,5,2,120,2,58,476,5,-68,0
common,subbox,subbox_g2s_large3d_offset,tensor,u8,8,3,4096,32768,0,none,none,zero,tmau_first_use_l2_hot,809,818,814,5,2,120,2,56,479,497,488,9,2,120,2,36,651,9,-326,0
common,subbox,subbox_g2s_large3d_offset,tensor,u8,8,3,4096,32768,0,none,none,zero,tmau_prefetched_l2_hot,561,570,566,5,1,120,1,53,481,497,489,8,0,120,1,33,528,8,-77,0
common,subbox,subbox_g2s_large3d_plain,tensor,u8,8,3,4096,4096,0,none,none,zero,tmau_first_use_l2_hot,785,794,790,5,4,120,1,56,455,466,461,6,1,120,1,36,626,6,-329,0
common,subbox,subbox_g2s_large3d_plain,tensor,u8,8,3,4096,4096,0,none,none,zero,tmau_prefetched_l2_hot,547,569,558,11,2,120,1,53,460,473,467,7,4,120,2,33,513,11,-91,0
common,subbox,subbox_g2s_small2d_offset,tensor,u8,8,2,128,4096,0,none,none,zero,tmau_first_use_l2_hot,727,740,734,7,4,120,1,57,396,408,402,6,1,120,1,38,568,7,-332,0
common,subbox,subbox_g2s_small2d_offset,tensor,u8,8,2,128,4096,0,none,none,zero,tmau_prefetched_l2_hot,477,490,484,7,1,120,1,53,402,416,409,7,0,120,1,58,447,7,-75,0
common,subbox,subbox_g2s_small2d_plain,tensor,u8,8,2,128,128,0,none,none,zero,tmau_first_use_l2_hot,710,721,716,6,4,120,1,55,367,380,374,7,3,120,1,38,545,7,-342,0
common,subbox,subbox_g2s_small2d_plain,tensor,u8,8,2,128,128,0,none,none,zero,tmau_prefetched_l2_hot,448,466,457,9,2,120,3,53,386,395,391,5,4,120,4,58,424,9,-66,0
common,swizzle,swizzle128_g2s_b1024_plain,tensor,u8,8,2,1024,1024,0,none,none,zero,tmau_first_use_l2_hot,727,740,734,7,2,120,2,58,405,418,412,7,4,120,3,38,573,7,-322,0
common,swizzle,swizzle128_g2s_b1024_plain,tensor,u8,8,2,1024,1024,0,none,none,zero,tmau_prefetched_l2_hot,482,495,489,7,0,120,1,53,416,428,422,6,5,120,2,58,456,7,-67,1
common,swizzle,swizzle128_g2s_b1024_swz,tensor,u8,8,2,1024,1024,0,none,128,zero,tmau_first_use_l2_hot,727,740,734,7,3,120,3,57,405,418,412,7,4,120,3,38,573,7,-322,0
common,swizzle,swizzle128_g2s_b1024_swz,tensor,u8,8,2,1024,1024,0,none,128,zero,tmau_prefetched_l2_hot,482,495,489,7,2,120,1,53,397,410,404,7,4,120,3,58,447,7,-85,0
common,swizzle,swizzle128_g2s_b16384_plain,tensor,u8,8,3,16384,16384,0,none,none,zero,tmau_first_use_l2_hot,885,898,892,7,3,120,2,55,560,573,567,7,0,120,1,36,730,7,-325,0
common,swizzle,swizzle128_g2s_b16384_plain,tensor,u8,8,3,16384,16384,0,none,none,zero,tmau_prefetched_l2_hot,640,651,646,6,0,120,1,53,574,585,580,6,1,120,1,33,613,6,-66,0
common,swizzle,swizzle128_g2s_b16384_swz,tensor,u8,8,3,16384,16384,0,none,128,zero,tmau_first_use_l2_hot,871,882,877,6,4,120,1,56,565,576,571,6,0,120,1,36,724,6,-306,0
common,swizzle,swizzle128_g2s_b16384_swz,tensor,u8,8,3,16384,16384,0,none,128,zero,tmau_prefetched_l2_hot,647,660,654,7,1,120,1,53,573,582,578,5,0,120,1,33,616,7,-76,0
common,swizzle,swizzle128_g2s_b4096_plain,tensor,u8,8,3,4096,4096,0,none,none,zero,tmau_first_use_l2_hot,789,802,796,7,2,120,1,54,448,461,455,7,2,120,2,36,626,7,-341,0
common,swizzle,swizzle128_g2s_b4096_plain,tensor,u8,8,3,4096,4096,0,none,none,zero,tmau_prefetched_l2_hot,519,528,524,5,1,120,1,53,441,451,446,5,2,120,1,33,485,5,-78,0
common,swizzle,swizzle128_g2s_b4096_swz,tensor,u8,8,3,4096,4096,0,none,128,zero,tmau_first_use_l2_hot,770,783,777,7,3,120,2,55,455,466,461,6,1,120,1,36,619,7,-316,0
common,swizzle,swizzle128_g2s_b4096_swz,tensor,u8,8,3,4096,4096,0,none,128,zero,tmau_prefetched_l2_hot,519,528,524,5,0,120,1,53,443,456,450,7,2,120,3,33,487,7,-74,0
common,swizzle,swizzle32_g2s_b1024_plain,tensor,u8,8,2,1024,1024,0,none,none,zero,tmau_first_use_l2_hot,751,764,758,7,6,120,2,55,419,428,424,5,3,120,1,38,591,7,-334,1
common,swizzle,swizzle32_g2s_b1024_plain,tensor,u8,8,2,1024,1024,0,none,none,zero,tmau_prefetched_l2_hot,463,477,470,7,1,120,1,53,416,428,422,6,1,120,2,58,446,7,-48,0
common,swizzle,swizzle32_g2s_b1024_swz,tensor,u8,8,2,1024,1024,0,none,32,zero,tmau_first_use_l2_hot,740,750,745,5,5,120,1,56,416,427,422,6,4,120,2,38,584,6,-323,1
common,swizzle,swizzle32_g2s_b1024_swz,tensor,u8,8,2,1024,1024,0,none,32,zero,tmau_prefetched_l2_hot,487,506,497,10,1,120,1,53,415,424,420,5,3,120,3,58,459,10,-77,0
common,swizzle,swizzle32_g2s_b16384_plain,tensor,u8,8,3,16384,16384,0,none,none,zero,tmau_first_use_l2_hot,1250,1263,1257,7,8,120,3,57,915,928,922,7,2,120,1,36,1090,7,-335,1
common,swizzle,swizzle32_g2s_b16384_plain,tensor,u8,8,3,16384,16384,0,none,none,zero,tmau_prefetched_l2_hot,994,1007,1001,7,3,120,1,53,927,936,932,5,2,120,1,33,967,7,-69,0
common,swizzle,swizzle32_g2s_b16384_swz,tensor,u8,8,3,16384,16384,0,none,32,zero,tmau_first_use_l2_hot,1218,1229,1224,6,6,120,2,54,915,928,922,7,2,120,1,36,1073,7,-302,1
common,swizzle,swizzle32_g2s_b16384_swz,tensor,u8,8,3,16384,16384,0,none,32,zero,tmau_prefetched_l2_hot,994,1007,1001,7,1,120,1,53,913,923,918,5,6,120,3,33,960,7,-83,1
common,swizzle,swizzle32_g2s_b4096_plain,tensor,u8,8,3,4096,4096,0,none,none,zero,tmau_first_use_l2_hot,852,865,859,7,3,120,1,56,531,544,538,7,2,120,1,36,699,7,-321,0
common,swizzle,swizzle32_g2s_b4096_plain,tensor,u8,8,3,4096,4096,0,none,none,zero,tmau_prefetched_l2_hot,616,627,622,6,1,120,2,53,543,552,548,5,1,120,2,33,585,6,-74,0
common,swizzle,swizzle32_g2s_b4096_swz,tensor,u8,8,3,4096,4096,0,none,32,zero,tmau_first_use_l2_hot,858,869,864,6,2,120,1,58,531,544,538,7,1,120,1,36,701,7,-326,0
common,swizzle,swizzle32_g2s_b4096_swz,tensor,u8,8,3,4096,4096,0,none,32,zero,tmau_prefetched_l2_hot,599,612,606,7,1,120,1,53,529,546,538,9,2,120,1,33,572,9,-68,0
common,swizzle,swizzle64_g2s_b1024_plain,tensor,u8,8,2,1024,1024,0,none,none,zero,tmau_first_use_l2_hot,727,740,734,7,5,120,2,54,415,424,420,5,3,120,2,38,577,7,-314,1
common,swizzle,swizzle64_g2s_b1024_plain,tensor,u8,8,2,1024,1024,0,none,none,zero,tmau_prefetched_l2_hot,477,490,484,7,1,120,1,53,402,416,409,7,1,120,1,58,447,7,-75,0
common,swizzle,swizzle64_g2s_b1024_swz,tensor,u8,8,2,1024,1024,0,none,64,zero,tmau_first_use_l2_hot,727,740,734,7,4,120,2,54,405,418,412,7,0,120,1,38,573,7,-322,0
common,swizzle,swizzle64_g2s_b1024_swz,tensor,u8,8,2,1024,1024,0,none,64,zero,tmau_prefetched_l2_hot,463,477,470,7,0,120,1,53,402,416,409,7,2,120,1,58,440,7,-61,0
common,swizzle,swizzle64_g2s_b16384_plain,tensor,u8,8,3,16384,16384,0,none,none,zero,tmau_first_use_l2_hot,972,985,979,7,2,120,1,56,668,679,674,6,3,120,2,36,827,7,-305,0
common,swizzle,swizzle64_g2s_b16384_plain,tensor,u8,8,3,16384,16384,0,none,none,zero,tmau_prefetched_l2_hot,736,747,742,6,2,120,1,53,664,677,671,7,2,120,1,33,707,7,-71,0
common,swizzle,swizzle64_g2s_b16384_swz,tensor,u8,8,3,16384,16384,0,none,64,zero,tmau_first_use_l2_hot,991,1002,997,6,1,120,2,55,671,680,676,5,1,120,1,36,837,6,-321,0
common,swizzle,swizzle64_g2s_b16384_swz,tensor,u8,8,3,16384,16384,0,none,64,zero,tmau_prefetched_l2_hot,735,744,740,5,1,120,1,53,677,690,684,7,1,120,1,33,712,7,-56,0
common,swizzle,swizzle64_g2s_b4096_plain,tensor,u8,8,3,4096,4096,0,none,none,zero,tmau_first_use_l2_hot,780,793,787,7,6,120,3,56,474,485,480,6,3,120,2,36,634,7,-307,1
common,swizzle,swizzle64_g2s_b4096_plain,tensor,u8,8,3,4096,4096,0,none,none,zero,tmau_prefetched_l2_hot,537,546,542,5,2,120,1,53,477,486,482,5,2,120,3,33,512,5,-60,0
common,swizzle,swizzle64_g2s_b4096_swz,tensor,u8,8,3,4096,4096,0,none,64,zero,tmau_first_use_l2_hot,786,797,792,6,3,120,1,55,458,473,466,8,1,120,1,36,629,8,-326,0
common,swizzle,swizzle64_g2s_b4096_swz,tensor,u8,8,3,4096,4096,0,none,64,zero,tmau_prefetched_l2_hot,537,546,542,5,3,120,1,53,453,462,458,5,3,120,1,33,500,5,-84,0
common,tensor_capacity,tensor_capacity_g2s_b1024,tensor,u8,8,2,1024,1024,0,none,none,zero,tmau_first_use_l2_hot,708,718,713,5,4,120,1,55,405,418,412,7,1,120,1,36,563,7,-301,0
common,tensor_capacity,tensor_capacity_g2s_b1024,tensor,u8,8,2,1024,1024,0,none,none,zero,tmau_prefetched_l2_hot,482,495,489,7,1,120,2,53,413,423,418,5,0,120,1,58,454,7,-71,0
common,tensor_capacity,tensor_capacity_g2s_b128,tensor,u8,8,2,128,128,0,none,none,zero,tmau_first_use_l2_hot,692,702,697,5,6,120,2,60,381,391,386,5,4,120,1,36,542,5,-311,1
common,tensor_capacity,tensor_capacity_g2s_b128,tensor,u8,8,2,128,128,0,none,none,zero,tmau_prefetched_l2_hot,482,495,489,7,1,120,1,53,402,416,409,7,4,120,2,58,449,7,-80,0
common,tensor_capacity,tensor_capacity_g2s_b16384,tensor,u8,8,2,16384,16384,0,none,none,zero,tmau_first_use_l2_hot,847,860,854,7,1,120,1,58,541,554,548,7,0,120,1,117,701,7,-306,0
common,tensor_capacity,tensor_capacity_g2s_b16384,tensor,u8,8,2,16384,16384,0,none,none,zero,tmau_prefetched_l2_hot,618,629,624,6,0,120,1,53,545,554,550,5,0,120,1,191,587,6,-74,0
common,tensor_capacity,tensor_capacity_g2s_b2048,tensor,u8,8,2,2048,2048,0,none,none,zero,tmau_first_use_l2_hot,740,750,745,5,2,120,2,55,415,424,420,5,1,120,1,117,583,5,-325,0
common,tensor_capacity,tensor_capacity_g2s_b2048,tensor,u8,8,2,2048,2048,0,none,none,zero,tmau_prefetched_l2_hot,487,506,497,10,0,120,1,53,416,428,422,6,1,120,1,191,460,10,-75,0
common,tensor_capacity,tensor_capacity_g2s_b256,tensor,u8,8,2,256,256,0,none,none,zero,tmau_first_use_l2_hot,710,721,716,6,5,120,1,55,391,403,397,6,2,120,1,36,557,6,-319,1
common,tensor_capacity,tensor_capacity_g2s_b256,tensor,u8,8,2,256,256,0,none,none,zero,tmau_prefetched_l2_hot,463,477,470,7,2,120,1,53,397,410,404,7,2,120,1,58,437,7,-66,0
common,tensor_capacity,tensor_capacity_g2s_b32768,tensor,u8,8,2,32768,32768,0,none,none,zero,tmau_first_use_l2_hot,1001,1012,1007,6,2,120,1,56,698,708,703,5,0,120,1,38,855,6,-304,0
common,tensor_capacity,tensor_capacity_g2s_b32768,tensor,u8,8,2,32768,32768,0,none,none,zero,tmau_prefetched_l2_hot,762,773,768,6,2,120,3,53,703,716,710,7,1,120,1,58,739,7,-58,0
common,tensor_capacity,tensor_capacity_g2s_b4096,tensor,u8,8,2,4096,4096,0,none,none,zero,tmau_first_use_l2_hot,761,770,766,5,4,120,1,57,434,444,439,5,1,120,1,117,603,5,-327,0
common,tensor_capacity,tensor_capacity_g2s_b4096,tensor,u8,8,2,4096,4096,0,none,none,zero,tmau_prefetched_l2_hot,505,514,510,5,0,120,1,53,435,445,440,5,1,120,1,191,475,5,-70,0
common,tensor_capacity,tensor_capacity_g2s_b512,tensor,u8,8,2,512,512,0,none,none,zero,tmau_first_use_l2_hot,727,740,734,7,2,120,2,54,405,418,412,7,0,120,1,36,573,7,-322,0
common,tensor_capacity,tensor_capacity_g2s_b512,tensor,u8,8,2,512,512,0,none,none,zero,tmau_prefetched_l2_hot,482,495,489,7,1,120,2,53,411,421,416,5,0,120,1,58,453,7,-73,0
common,tensor_capacity,tensor_capacity_g2s_b8192,tensor,u8,8,2,8192,8192,0,none,none,zero,tmau_first_use_l2_hot,799,812,806,7,2,120,2,54,472,485,479,7,0,120,1,117,643,7,-327,0
common,tensor_capacity,tensor_capacity_g2s_b8192,tensor,u8,8,2,8192,8192,0,none,none,zero,tmau_prefetched_l2_hot,545,554,550,5,0,120,1,53,479,488,484,5,1,120,2,191,517,5,-66,0
